rep_id,product_name,territory_id,date,anomaly_type,anomaly_severity,before_total_sales,after_total_sales,before_total_quantity,after_total_quantity,before_average_price,after_average_price,before_total_calls,after_total_calls,before_customer_coverage_pct,after_customer_coverage_pct,before_actual_incentive_paid,after_actual_incentive_paid,before_manual_override_amount,after_manual_override_amount,before_payout_adjustment,after_payout_adjustment,before_target_attainment_pct,after_target_attainment_pct
REP_00026,Respira,TERR_UNITED_STATES_NEW_YORK,2024-11-01,abnormally_high_calls,0.9233329575188235,1050.27,1050.27,23.0,23.0,45.53,45.66391304347826,2,10,27.27272727272727,27.27272727272727,485.57970103815364,485.57970103815364,0.0,0.0,11.068430063953826,11.068430063953826,72.3493423894533,72.3493423894533
REP_00006,Renapro,TERR_UNITED_STATES_HOUSTON,2024-12-01,abnormally_high_calls,0.9184135171933842,1058.04,1058.04,8.0,8.0,129.24,132.255,3,15,26.666666666666668,26.666666666666668,1329.6805715125552,1329.6805715125552,0.0,0.0,-60.19197721951514,-60.19197721951514,260.8445282570219,260.8445282570219
REP_00024,Glycoban,TERR_INDIA_BENGALURU,2024-03-01,abnormally_high_calls,0.8853012431666856,3362.14,3362.14,51.0,51.0,65.8625,65.9243137254902,4,20,33.33333333333333,33.33333333333333,741.2174645519297,741.2174645519297,0.0,0.0,3.6565843991674,3.6565843991674,97.86224616435602,97.86224616435602
REP_00007,Dermasol,TERR_UNITED_KINGDOM_MANCHESTER,2025-03-01,abnormally_high_calls,0.8286685105079022,765.89,765.89,21.0,21.0,36.086666666666666,36.47095238095238,3,14,19.047619047619047,19.047619047619047,1058.2790402905134,1058.2790402905134,0.0,0.0,0.031906317442008,0.031906317442008,130.00446336872577,130.00446336872577
REP_00015,Respira,TERR_INDIA_DELHI,2025-01-01,abnormally_high_calls,0.7693888421979884,1844.72,1844.72,39.0,39.0,46.596666666666664,47.30051282051282,3,14,35.714285714285715,35.714285714285715,621.4319747719906,621.4319747719906,0.0,0.0,1.524507792023769,1.524507792023769,90.15104738371672,90.15104738371672
REP_00030,Immunara,TERR_BRAZIL_BRASILIA,2024-08-01,abnormally_high_calls,0.7582510007491834,916.99,916.99,6.0,6.0,155.1,152.83166666666668,3,14,30.76923076923077,30.76923076923077,779.6884213562817,779.6884213562817,0.0,0.0,7.618663686483956,7.618663686483956,101.87715275367879,101.87715275367879
REP_00031,Dermasol,TERR_UNITED_KINGDOM_LONDON,2025-02-01,abnormally_high_calls,0.7471188623448038,620.12,620.12,16.0,16.0,38.795,38.7575,3,14,40.0,40.0,140.1566054605774,140.1566054605774,0.0,0.0,-0.8654773736950006,-0.8654773736950006,65.6579366448738,65.6579366448738
REP_00014,Renapro,TERR_INDIA_DELHI,2024-12-01,abnormally_high_calls,0.7397705227602714,3364.17,3364.17,28.0,28.0,120.5175,120.14892857142857,4,18,40.0,40.0,908.0726263128215,908.0726263128215,0.0,0.0,1.641261536762272,1.641261536762272,119.59793757140793,119.59793757140793
REP_00003,Renapro,TERR_INDIA_MUMBAI,2024-07-01,abnormally_high_calls,0.6726219440398891,1328.32,1328.32,11.0,11.0,122.37,120.75636363636363,3,13,27.77777777777778,27.77777777777778,833.7988345333778,833.7988345333778,0.0,0.0,7.796239802424111,7.796239802424111,111.68061477193969,111.68061477193969
REP_00006,Renapro,TERR_UNITED_STATES_HOUSTON,2025-01-01,abnormally_high_calls,0.6457684619211205,959.53,959.53,8.0,8.0,118.36,119.94125,2,8,33.33333333333333,33.33333333333333,539.9308656240634,539.9308656240634,0.0,0.0,-5.101964093866172,-5.101964093866172,87.10107616061632,87.10107616061632
REP_00023,Dermasol,TERR_INDIA_BENGALURU,2024-09-01,abnormally_high_calls,0.612981522171851,1187.0800000000002,1187.0800000000002,33.0,33.0,37.156666666666666,35.972121212121216,2,8,10.0,10.0,1170.3380730397475,1170.3380730397475,0.0,0.0,-18.985875112040276,-18.985875112040276,153.89838504103054,153.89838504103054
REP_00023,Oncora,TERR_INDIA_BENGALURU,2025-02-01,abnormally_high_calls,0.5217726981195792,229.08,229.08,1.0,1.0,224.54,229.08,1,4,20.0,20.0,504.60574569340724,504.60574569340724,0.0,0.0,0.10541946286781467,0.10541946286781467,83.29225563311091,83.29225563311091
REP_00004,Dermasol,TERR_UNITED_STATES_HOUSTON,2024-02-01,abnormally_high_calls,0.5122524368838469,871.73,871.73,22.0,22.0,39.65,39.62409090909091,2,8,21.052631578947366,21.052631578947366,774.7849814877407,774.7849814877407,0.0,0.0,-9.103670449110268,-9.103670449110268,103.75340986919153,103.75340986919153
REP_00024,Oncora,TERR_INDIA_BENGALURU,2024-11-01,abnormally_high_calls,0.48993273201223225,1089.92,1089.92,6.0,6.0,182.54,181.65333333333334,2,7,27.77777777777778,27.77777777777778,756.5748611700253,756.5748611700253,0.0,0.0,2.037703370432041,2.037703370432041,102.3881083102789,102.3881083102789
REP_00018,Glycoban,TERR_UNITED_KINGDOM_BIRMINGHAM,2024-05-01,abnormally_high_calls,0.48909422343484965,1672.63,1672.63,25.0,25.0,65.74000000000001,66.90520000000001,3,11,26.666666666666668,26.666666666666668,659.7751271732038,659.7751271732038,0.0,0.0,-8.291251464666175,-8.291251464666175,93.53748725659862,93.53748725659862
REP_00034,Immunara,TERR_UNITED_STATES_CHICAGO,2025-03-01,abnormally_high_calls,0.4886508168566898,2677.3900000000003,2677.3900000000003,17.0,17.0,157.92000000000002,157.4935294117647,5,19,38.46153846153847,38.46153846153847,1223.5520247553281,1223.5520247553281,0.0,0.0,22.263172880692537,22.263172880692537,142.8414278783691,142.8414278783691
REP_00020,Respira,TERR_BRAZIL_RIO_DE_JANEIRO,2024-08-01,abnormally_high_calls,0.4709343182347732,773.1,773.1,15.0,15.0,50.685,51.54,3,11,20.0,20.0,1209.647640756081,1209.647640756081,0.0,0.0,-59.69970273913418,-59.69970273913418,168.09660087304516,168.09660087304516
REP_00024,Immunara,TERR_INDIA_BENGALURU,2025-06-01,abnormally_high_calls,0.39955978564441486,4496.87,4496.87,28.0,28.0,157.12,160.6025,5,18,38.88888888888889,38.88888888888889,933.0069727039051,933.0069727039051,0.0,0.0,-24.11842028715705,-24.11842028715705,115.26881851127979,115.26881851127979
REP_00023,Immunara,TERR_INDIA_BENGALURU,2024-01-01,abnormally_high_calls,0.3841087780661046,3568.23,3568.23,22.0,22.0,160.82333333333335,162.19227272727272,3,10,40.0,40.0,682.6849968095057,682.6849968095057,0.0,0.0,-7.624906112757344,-7.624906112757344,96.2035501473663,96.2035501473663
REP_00003,Dermasol,TERR_INDIA_MUMBAI,2024-09-01,abnormally_high_calls,0.37008117309497235,288.08,288.08,8.0,8.0,37.08,36.01,2,7,33.33333333333333,33.33333333333333,52.64428398571104,52.64428398571104,0.0,0.0,-0.9092856335780795,-0.9092856335780795,26.740754885652823,26.740754885652823
REP_00028,Dermasol,TERR_BRAZIL_BRASILIA,2024-11-01,abnormally_high_calls,0.36982402500755857,841.59,841.59,22.0,22.0,37.325,38.25409090909091,1,3,14.285714285714285,14.285714285714285,1205.1620483724728,1205.1620483724728,0.0,0.0,-38.68218172367688,-38.68218172367688,150.86603455200526,150.86603455200526
REP_00013,Glycoban,TERR_INDIA_DELHI,2024-01-01,duplicate_suspicious_activity_pattern,0.9185088962109221,594.61,219.87425102688283,10.0,10.0,60.48,21.987425102688285,2,3,31.25,31.25,44.03385889662785,85.73527874562953,0.0,0.0,0.0337885092733714,41.73520835827505,21.075630174012634,7.793324026556231
REP_00034,Dermasol,TERR_UNITED_STATES_CHICAGO,2024-06-01,duplicate_suspicious_activity_pattern,0.905842779771484,1061.68,394.2005805086653,30.0,30.0,36.13,13.140019350288844,2,4,23.076923076923077,23.076923076923077,583.6241523406158,1131.529226583531,0.0,0.0,-15.462876403979294,532.442197838936,89.82059080874986,33.35028354913013
REP_00015,Respira,TERR_INDIA_DELHI,2025-05-01,duplicate_suspicious_activity_pattern,0.8088717587004064,642.3,245.95940032640746,13.0,13.0,47.67,18.919953871262113,2,3,35.714285714285715,35.714285714285715,871.3529158455048,1634.4547339590738,0.0,0.0,-20.82269877227077,742.2791193412983,113.18953451065492,43.344278423580704
REP_00014,Cardiovex,TERR_INDIA_DELHI,2024-03-01,duplicate_suspicious_activity_pattern,0.798512166011637,2374.62,912.2780448414535,31.0,31.0,76.14,29.42832402714366,5,1,46.666666666666664,46.666666666666664,543.558625199834,1015.9289578754834,0.0,0.0,-1.6110917839916965,470.7592408916578,88.03593031250271,33.82151518191897
REP_00024,Immunara,TERR_INDIA_BENGALURU,2025-01-01,duplicate_suspicious_activity_pattern,0.733115459305264,693.43,271.84268964647407,5.0,5.0,142.86,54.36853792929482,2,1,27.77777777777778,27.77777777777778,512.9672659603403,936.9475603619618,0.0,0.0,3.994514518242795,427.97480891986424,80.21330152204817,31.445711364055768
REP_00036,Respira,TERR_UNITED_STATES_CHICAGO,2024-08-01,duplicate_suspicious_activity_pattern,0.7203753645916477,2454.65,966.0396733566134,51.0,51.0,48.20166666666666,18.94195437954144,5,3,31.57894736842105,31.57894736842105,1506.731422788853,2739.6053494865396,0.0,0.0,49.48392271807393,1282.3578494157605,176.04555042577462,69.28359889564726
REP_00031,Oncora,TERR_UNITED_KINGDOM_LONDON,2024-09-01,duplicate_suspicious_activity_pattern,0.7172189692469058,2200.48,866.8432803061881,11.0,11.0,197.87,78.80393457328984,5,2,33.33333333333333,33.33333333333333,580.2171121706282,1053.7858688651304,0.0,0.0,-26.444291333161345,447.12446536134087,87.73224451535212,34.56068976964681
REP_00006,Immunara,TERR_UNITED_STATES_HOUSTON,2024-05-01,duplicate_suspicious_activity_pattern,0.6403631787291117,1320.14,532.222914387906,8.0,8.0,158.61,66.52786429848825,2,5,26.666666666666668,26.666666666666668,556.0670855747276,982.1457417543048,0.0,0.0,-13.102539381771635,412.9761167978056,89.80012497792302,36.203496771666934
REP_00017,Immunara,TERR_UNITED_KINGDOM_BIRMINGHAM,2024-08-01,duplicate_suspicious_activity_pattern,0.6331647779504332,331.34,133.8680618968684,2.0,2.0,159.9,66.9340309484342,2,2,18.75,18.75,625.4882251262406,1101.8332274826582,0.0,0.0,4.079963740638618,480.4249660970562,91.92939332581909,37.14133432692193
REP_00013,Immunara,TERR_INDIA_DELHI,2025-06-01,duplicate_suspicious_activity_pattern,0.6137171663722437,1239.98,503.87075856500945,8.0,8.0,147.68,62.98384482062618,3,7,37.5,37.5,451.73677093455774,790.0497379143206,0.0,0.0,3.173137303621729,341.48610428338463,73.04228677098146,29.681021018578836
REP_00012,Dermasol,TERR_BRAZIL_SAO_PAULO,2024-07-01,duplicate_suspicious_activity_pattern,0.6067467271347248,1573.8899999999999,640.8728872355913,42.0,42.0,38.571999999999996,15.258878267514078,2,2,26.666666666666668,26.666666666666668,1453.4326117692674,2535.346588084732,0.0,0.0,-27.43393536877602,1054.4800409466886,228.8901466272284,93.20186870033466
REP_00013,Glycoban,TERR_INDIA_DELHI,2025-06-01,duplicate_suspicious_activity_pattern,0.5885227162508962,3146.46,1288.0892177070245,52.0,52.0,62.545,24.770946494365855,4,6,37.5,37.5,873.7205724335997,1513.7556357317512,0.0,0.0,-2.4101139460580043,637.6249493520935,113.35335631245506,46.40428801159902
REP_00009,Cardiovex,TERR_UNITED_KINGDOM_MANCHESTER,2025-04-01,duplicate_suspicious_activity_pattern,0.5767283983353906,811.51,333.36229649602166,9.0,9.0,88.55,37.040255166224625,1,5,20.0,20.0,81.40088794639226,140.40623115109048,0.0,0.0,-1.9488277436400523,57.05651546105817,37.69399255380079,15.48441291153402
REP_00033,Respira,TERR_UNITED_KINGDOM_LONDON,2025-03-01,duplicate_suspicious_activity_pattern,0.5431767721462529,1144.38,474.71032385895256,23.0,23.0,51.33,20.639579298215327,3,5,35.294117647058826,35.294117647058826,585.1006392419833,996.4643627693879,0.0,0.0,6.964303809701619,418.32802733710616,92.14211834639512,38.222281795616105
REP_00023,Renapro,TERR_INDIA_BENGALURU,2024-11-01,duplicate_suspicious_activity_pattern,0.5375339349088561,1024.59,425.71297267580815,9.0,9.0,112.31,47.30144140842313,2,2,20.0,20.0,966.6402219423783,1642.7055490144176,0.0,0.0,-7.217124963601009,668.8482021084383,128.04838765274187,53.20358363247054
REP_00035,Neurocalm,TERR_UNITED_STATES_CHICAGO,2024-11-01,duplicate_suspicious_activity_pattern,0.5323877923583344,635.03,264.2445336262424,7.0,7.0,91.345,37.7492190894632,1,5,15.384615384615385,15.384615384615385,487.0721264965681,826.0996859644788,0.0,0.0,9.05894084289423,348.0865003108049,73.71672796797533,30.67452309709812
REP_00031,Respira,TERR_UNITED_KINGDOM_LONDON,2025-03-01,duplicate_suspicious_activity_pattern,0.4315966902306742,1740.23,745.1810990111849,38.0,38.0,45.78,19.61002892134697,2,2,26.666666666666668,26.666666666666668,1241.5416549403612,2024.3806590557406,0.0,0.0,29.499461451120624,812.3384655665,145.197682219866,62.17486677650456
REP_00004,Neurocalm,TERR_UNITED_STATES_HOUSTON,2025-02-01,duplicate_suspicious_activity_pattern,0.3817384429790625,1654.31,718.2871531674367,19.0,19.0,86.455,37.80458700881246,3,1,26.31578947368421,26.31578947368421,1081.247553746226,1727.974140024708,0.0,0.0,-35.24484472703557,611.4817415514465,135.89353940078607,59.0038043353649
REP_00003,Cardiovex,TERR_INDIA_MUMBAI,2025-01-01,duplicate_suspicious_activity_pattern,0.37357576634628364,5111.77,2224.493592583687,59.0,59.0,85.3575,37.70328123023199,6,4,50.0,50.0,1458.5056174400127,2323.1431134851005,0.0,0.0,0.6260496373022306,865.26354568239,188.07168973775973,81.84332799950577
REP_00029,Glycoban,TERR_BRAZIL_BRASILIA,2025-06-01,duplicate_suspicious_activity_pattern,0.3503175968191894,1767.98,774.3078594210731,29.0,29.0,61.27666666666667,26.70027101451976,4,4,33.33333333333333,33.33333333333333,530.1916774408726,836.4868228366819,0.0,0.0,6.672426866176352,312.96757226198565,85.95260836874326,37.643966672507275
REP_00023,Dermasol,TERR_INDIA_BENGALURU,2024-04-01,extreme_quantity_spike,0.9973284377644852,324.83,324.83,8.0,35.95084325486653,40.7,9.035393069842081,1,1,20.0,20.0,59.427665578515,59.427665578515,0.0,0.0,-0.5272662705860469,-0.5272662705860469,29.88277338099784,29.88277338099784
REP_00009,Cardiovex,TERR_UNITED_KINGDOM_MANCHESTER,2024-01-01,extreme_quantity_spike,0.9459175572419012,1545.8,1545.8,17.0,74.38537648815833,88.61,20.780966272935128,4,4,26.666666666666668,26.666666666666668,904.4527332194876,904.4527332194876,0.0,0.0,-0.48496276203252364,-0.48496276203252364,112.75881802725473,112.75881802725473
REP_00017,Dermasol,TERR_UNITED_KINGDOM_BIRMINGHAM,2024-09-01,extreme_quantity_spike,0.9367438073369673,740.37,740.37,19.0,82.73570438062546,37.87,8.948615419939246,2,2,18.75,18.75,975.2931514668,975.2931514668,0.0,0.0,-14.669913234622186,-14.669913234622186,122.3246830925425,122.3246830925425
REP_00027,Renapro,TERR_UNITED_STATES_NEW_YORK,2024-02-01,extreme_quantity_spike,0.9304980704982392,4977.09,4977.09,45.0,195.30655029656774,115.95,25.483477089951275,5,5,44.44444444444444,44.44444444444444,557.6830059395263,557.6830059395263,0.0,0.0,14.324394808235297,14.324394808235297,77.40881980937,77.40881980937
REP_00025,Oncora,TERR_UNITED_STATES_NEW_YORK,2024-08-01,extreme_quantity_spike,0.9093110557439731,1352.91,1352.91,6.0,25.74849256926683,221.12,52.54327011029847,2,2,25.0,25.0,436.4922769349872,436.4922769349872,0.0,0.0,3.452144379708443,3.452144379708443,72.81388799352108,72.81388799352108
REP_00001,Immunara,TERR_INDIA_MUMBAI,2024-05-01,extreme_quantity_spike,0.7980328906278502,3762.83,3762.83,23.0,92.81593991421329,162.87,40.540773529609886,3,3,25.0,25.0,673.4380201184373,673.4380201184373,0.0,0.0,4.06417347171066,4.06417347171066,94.59906733219997,94.59906733219997
REP_00031,Immunara,TERR_UNITED_KINGDOM_LONDON,2024-03-01,extreme_quantity_spike,0.7874411942145993,1335.37,1335.37,8.0,32.08891797354863,163.42,41.61467834785719,2,2,26.666666666666668,26.666666666666668,516.7110816811332,516.7110816811332,0.0,0.0,14.5070991756171,14.5070991756171,75.48672348731412,75.48672348731412
REP_00014,Renapro,TERR_INDIA_DELHI,2024-03-01,extreme_quantity_spike,0.7729230397689827,4434.95,4434.95,37.0,147.17575068434041,118.7625,30.133700554461523,8,8,53.333333333333336,53.333333333333336,1014.7446793157058,1014.7446793157058,0.0,0.0,32.79068332887755,32.79068332887755,126.6305823936154,126.6305823936154
REP_00035,Respira,TERR_UNITED_STATES_CHICAGO,2025-04-01,extreme_quantity_spike,0.7497257885627457,419.76,419.76,8.0,31.394954509554523,50.6,13.370301265200213,2,2,15.384615384615385,15.384615384615385,781.81978600278,781.81978600278,0.0,0.0,17.90266912415143,17.90266912415143,101.97310845505052,101.97310845505052
REP_00011,Dermasol,TERR_BRAZIL_SAO_PAULO,2024-11-01,extreme_quantity_spike,0.7269944176516804,567.3,567.3,15.0,58.08130740898297,37.865,9.767342115860501,2,2,23.52941176470588,23.52941176470588,879.419492848248,879.419492848248,0.0,0.0,6.809097356847246,6.809097356847246,115.96380833040516,115.96380833040516
REP_00018,Immunara,TERR_UNITED_KINGDOM_BIRMINGHAM,2025-03-01,extreme_quantity_spike,0.7101533636567707,4152.55,4152.55,26.0,99.6671711466749,158.69,41.664170380524915,6,6,40.0,40.0,1538.3437334202015,1538.3437334202015,0.0,0.0,-7.374575805109316,-7.374575805109316,198.2384136309438,198.2384136309438
REP_00029,Glycoban,TERR_BRAZIL_BRASILIA,2025-01-01,extreme_quantity_spike,0.6455847523596542,1148.8600000000001,1148.8600000000001,17.0,62.64236381726248,67.91,18.339984796094278,4,4,22.22222222222222,22.22222222222222,1153.1151333427358,1153.1151333427358,0.0,0.0,30.635475768932565,30.635475768932565,151.702523755085,151.702523755085
REP_00020,Respira,TERR_BRAZIL_RIO_DE_JANEIRO,2025-04-01,extreme_quantity_spike,0.6387280830699587,623.6700000000001,623.6700000000001,14.0,51.367044274852674,44.81,12.141442218533973,1,1,20.0,20.0,474.6982538165651,474.6982538165651,0.0,0.0,-8.304867511203895,-8.304867511203895,80.88320796097585,80.88320796097585
REP_00014,Cardiovex,TERR_INDIA_DELHI,2025-06-01,extreme_quantity_spike,0.5980704057841634,4493.38,4493.38,50.0,178.7780966651788,88.3275,25.133839568811066,5,5,40.0,40.0,724.5677917550701,724.5677917550701,0.0,0.0,7.947596277478965,7.947596277478965,99.17716976411978,99.17716976411978
REP_00026,Immunara,TERR_UNITED_STATES_NEW_YORK,2024-05-01,extreme_quantity_spike,0.5345578580115877,426.42,426.42,3.0,10.288449220279954,145.3,41.44647952963283,1,1,18.181818181818183,18.181818181818183,25.562564605651456,25.562564605651456,0.0,0.0,0.029001233788719105,0.029001233788719105,11.1027233934531,11.1027233934531
REP_00002,Respira,TERR_INDIA_MUMBAI,2024-04-01,extreme_quantity_spike,0.484075544177872,2339.56,2339.56,50.0,165.6686875804553,47.062,14.12192028661914,3,3,33.33333333333333,33.33333333333333,563.8712332614522,563.8712332614522,0.0,0.0,9.294919709103965,9.294919709103965,81.05909715788859,81.05909715788859
REP_00030,Neurocalm,TERR_BRAZIL_BRASILIA,2024-07-01,extreme_quantity_spike,0.4006693580395828,513.49,513.49,5.0,15.607697617455203,101.71,32.89979166598714,1,1,15.384615384615385,15.384615384615385,1109.329975469577,1109.329975469577,0.0,0.0,6.046499632383302,6.046499632383302,135.6843475392081,135.6843475392081
REP_00009,Oncora,TERR_UNITED_KINGDOM_MANCHESTER,2025-01-01,extreme_quantity_spike,0.3961413152189469,2477.75,2477.75,12.0,37.33350030004294,205.88,66.36800675229347,5,5,26.666666666666668,26.666666666666668,1098.810649338058,1098.810649338058,0.0,0.0,17.797035859406833,17.797035859406833,128.69785733220672,128.69785733220672
REP_00004,Glycoban,TERR_UNITED_STATES_HOUSTON,2024-12-01,extreme_quantity_spike,0.3820760534267794,2832.52,2832.52,43.0,132.38732168390848,65.845,21.39570439201875,3,3,31.57894736842105,31.57894736842105,1200.1813927616495,1200.1813927616495,0.0,0.0,37.698563940854,37.698563940854,138.46248701409732,138.46248701409732
REP_00025,Immunara,TERR_UNITED_STATES_NEW_YORK,2025-04-01,extreme_quantity_spike,0.3689630934058988,4377.3,4377.3,27.0,82.31260810050632,157.92000000000002,53.178973440559396,4,4,37.5,37.5,687.3747590941747,687.3747590941747,0.0,0.0,17.86261578441338,17.86261578441338,95.59359480760214,95.59359480760214
REP_00015,Glycoban,TERR_INDIA_DELHI,2024-06-01,extreme_quantity_spike,0.3530059269153145,974.77,974.77,16.0,48.19061811048358,60.29,20.22738114222164,1,1,28.57142857142857,28.57142857142857,864.2066870909576,864.2066870909576,0.0,0.0,17.683161761427755,17.683161761427755,108.4900579236057,108.4900579236057
REP_00025,Renapro,TERR_UNITED_STATES_NEW_YORK,2024-11-01,extreme_sales_spike,0.966752550428462,3090.05,12752.190180593232,25.0,25.0,119.095,510.08760722372926,6,6,43.75,43.75,504.44553585546566,504.44553585546566,0.0,0.0,1.4701918316341676,1.4701918316341676,79.59265618187911,328.46739975401425
REP_00011,Oncora,TERR_BRAZIL_SAO_PAULO,2024-12-01,extreme_sales_spike,0.9609871965397608,3633.5699999999997,14949.13134500815,17.0,17.0,207.01,879.3606673534206,4,4,35.294117647058826,35.294117647058826,966.6664227182961,966.6664227182961,0.0,0.0,32.906303254120076,32.906303254120076,116.35413702255318,478.7009131199407
REP_00021,Dermasol,TERR_BRAZIL_RIO_DE_JANEIRO,2024-12-01,extreme_sales_spike,0.9575530908276422,1049.22,4308.744478707993,26.0,26.0,39.605,165.72094148876897,2,2,33.33333333333333,33.33333333333333,591.923629633494,591.923629633494,0.0,0.0,15.53183583644784,15.53183583644784,86.1660892781821,353.8511098046426
REP_00032,Oncora,TERR_UNITED_KINGDOM_LONDON,2024-04-01,extreme_sales_spike,0.94419257863757,1077.24,4392.14842950538,5.0,5.0,209.45,878.4296859010759,2,2,23.076923076923077,23.076923076923077,468.44817519333526,468.44817519333526,0.0,0.0,15.036907425696768,15.036907425696768,73.4767544792416,299.58116277816777
REP_00025,Glycoban,TERR_UNITED_STATES_NEW_YORK,2025-02-01,extreme_sales_spike,0.8268557814436619,1437.87,5491.344469421676,21.0,21.0,66.59,261.49259378198457,4,4,37.5,37.5,95.13575487394132,95.13575487394132,0.0,0.0,-2.0059842421170515,-2.0059842421170515,48.01371706226536,183.3683571159062
REP_00018,Respira,TERR_UNITED_KINGDOM_BIRMINGHAM,2024-07-01,extreme_sales_spike,0.7899490701314889,599.2,2239.7424622101344,12.0,12.0,49.635,186.64520518417785,1,1,13.333333333333334,13.333333333333334,851.6750262050105,851.6750262050105,0.0,0.0,-16.39444178241513,-16.39444178241513,111.08562329933113,415.225613225286
REP_00022,Renapro,TERR_INDIA_BENGALURU,2024-03-01,extreme_sales_spike,0.7203324154066468,3992.6200000000003,14312.46993848195,37.0,37.0,107.19749999999999,386.82351185086355,4,4,41.17647058823529,41.17647058823529,1477.6047469549546,1477.6047469549546,0.0,0.0,15.310019530317959,15.310019530317959,387.78589401501443,1390.1082373622437
REP_00012,Oncora,TERR_BRAZIL_SAO_PAULO,2025-05-01,extreme_sales_spike,0.7093632847736342,3637.09,12950.219840718144,17.0,17.0,216.26999999999998,761.7776376893025,7,7,26.666666666666668,26.666666666666668,660.5583601829868,660.5583601829868,19.726137721752934,19.726137721752934,19.726137721752934,19.726137721752934,89.95417097612075,320.2907515982038
REP_00006,Immunara,TERR_UNITED_STATES_HOUSTON,2025-05-01,extreme_sales_spike,0.7058834726784469,962.22,3418.7134291774414,6.0,6.0,163.16,569.7855715295735,2,2,26.666666666666668,26.666666666666668,808.8931456629425,808.8931456629425,0.0,0.0,35.678611313901456,35.678611313901456,106.6081754326822,378.77283886410095
REP_00020,Dermasol,TERR_BRAZIL_RIO_DE_JANEIRO,2024-03-01,extreme_sales_spike,0.6810296113079456,284.53,995.3613816719894,9.0,9.0,32.39,110.59570907466549,1,1,20.0,20.0,568.608920646085,568.608920646085,0.0,0.0,1.020786714523183,1.020786714523183,92.12583263761883,322.28058925899813
REP_00025,Glycoban,TERR_UNITED_STATES_NEW_YORK,2024-07-01,extreme_sales_spike,0.5924938466032419,3020.67,9978.742452761833,48.0,48.0,63.97333333333333,207.89046776587153,7,7,50.0,50.0,748.4798239402415,748.4798239402415,0.0,0.0,9.636951830290855,9.636951830290855,102.99228154390315,340.2336078250671
REP_00002,Glycoban,TERR_INDIA_MUMBAI,2025-06-01,extreme_sales_spike,0.5854876125571042,4435.9400000000005,14585.693424102437,67.0,67.0,65.25,217.6969167776483,6,6,40.0,40.0,1542.7970908785746,1542.7970908785746,0.0,0.0,0.6185215802202038,0.6185215802202038,186.99692796864227,614.8595027434055
REP_00017,Cardiovex,TERR_UNITED_KINGDOM_BIRMINGHAM,2024-10-01,extreme_sales_spike,0.5576917562922542,943.53,3044.697586191747,11.0,11.0,84.15,276.7906896537952,2,2,12.5,12.5,115.79903006674009,115.79903006674009,0.0,0.0,-1.144122519904542,-1.144122519904542,53.37388660855885,172.23336165543347
REP_00028,Glycoban,TERR_BRAZIL_BRASILIA,2025-05-01,extreme_sales_spike,0.5510586754983291,436.74,1402.9526050617087,7.0,7.0,62.11,200.42180072310126,2,2,14.285714285714285,14.285714285714285,688.6799815357886,688.6799815357886,0.0,0.0,5.58196091125501,5.58196091125501,95.98413405486001,308.3326256281955
REP_00007,Neurocalm,TERR_UNITED_KINGDOM_MANCHESTER,2024-08-01,extreme_sales_spike,0.5374153140247336,985.14,3135.0245094083175,10.0,10.0,99.39500000000001,313.50245094083175,3,3,28.57142857142857,28.57142857142857,619.8609971131457,619.8609971131457,0.0,0.0,-0.43844792095023877,-0.43844792095023877,91.12029384820819,289.9733586278302
REP_00025,Respira,TERR_UNITED_STATES_NEW_YORK,2024-07-01,extreme_sales_spike,0.5353682917456924,935.98,2974.366830157893,18.0,18.0,52.08,165.24260167543852,2,2,25.0,25.0,488.24964771095205,488.24964771095205,0.0,0.0,-4.8944479133703,-4.8944479133703,82.79756316383984,263.11494422148786
REP_00001,Oncora,TERR_INDIA_MUMBAI,2025-01-01,extreme_sales_spike,0.45937147968809244,1171.2,3526.034929423527,5.0,5.0,230.12,705.2069858847054,2,2,25.0,25.0,562.7223732565377,562.7223732565377,0.0,0.0,0.945091172991738,0.945091172991738,89.70286510496331,270.06099353608903
REP_00003,Respira,TERR_INDIA_MUMBAI,2024-04-01,extreme_sales_spike,0.40996751912963697,2798.02,8119.654099325236,59.0,59.0,48.372,137.6212559207667,4,4,33.33333333333333,33.33333333333333,693.8614835326536,693.8614835326536,0.0,0.0,13.90191851682448,13.90191851682448,96.4410522589738,279.86504217904655
REP_00019,Dermasol,TERR_BRAZIL_RIO_DE_JANEIRO,2025-03-01,extreme_sales_spike,0.4025668988143176,1778.85,5133.133481502868,48.0,48.0,37.001999999999995,106.94028086464307,5,5,33.33333333333333,33.33333333333333,1363.7818628449722,1363.7818628449722,0.0,0.0,-8.792711116573855,-8.792711116573855,163.28512831990585,471.18326964634497
REP_00024,Glycoban,TERR_INDIA_BENGALURU,2025-04-01,extreme_sales_spike,0.39331998170927446,1182.2199999999998,3387.419647307944,19.0,19.0,62.285000000000004,178.28524459515495,2,2,33.33333333333333,33.33333333333333,769.0852894959405,769.0852894959405,0.0,0.0,-17.797534279985825,-17.797534279985825,105.24539335035989,301.56004231332753
REP_00030,Oncora,TERR_BRAZIL_BRASILIA,2024-06-01,extreme_sales_spike,0.3733168786087718,825.66,2329.4321907826607,4.0,4.0,203.33,582.3580476956652,2,2,15.384615384615385,15.384615384615385,112.46972166248156,112.46972166248156,0.0,0.0,3.619949649547152,3.619949649547152,49.81142217392026,140.53282256691023
REP_00022,Cardiovex,TERR_INDIA_BENGALURU,2025-02-01,high_incentive_low_target_attainment,0.9967809155020229,4575.34,1855.7593004103405,53.0,53.0,83.3275,35.01432642283661,6,6,41.17647058823529,41.17647058823529,884.0565635465928,1809.5404479594008,0.0,0.0,-5.720800563739658,919.7630838490684,108.62403937010188,44.05794352096359
REP_00007,Respira,TERR_UNITED_KINGDOM_MANCHESTER,2024-09-01,high_incentive_low_target_attainment,0.9928487955240081,1113.29,286.77752423913245,23.0,23.0,48.3775,12.468588010397063,3,3,19.047619047619047,19.047619047619047,1406.9946017905925,1711.2253687380148,0.0,0.0,-22.77411370831419,281.45665323910816,171.31072140365308,44.128721680567864
REP_00006,Renapro,TERR_UNITED_STATES_HOUSTON,2025-05-01,high_incentive_low_target_attainment,0.992705453999497,1188.26,506.8742497610678,9.0,9.0,133.33499999999998,56.31936108456309,2,2,26.666666666666668,26.666666666666668,733.33578637164,1622.5799183781712,0.0,0.0,-11.07201483791414,878.1721171686171,103.45654910437676,44.13130182800906
REP_00025,Renapro,TERR_UNITED_STATES_NEW_YORK,2025-06-01,high_incentive_low_target_attainment,0.9567870440734776,3445.2799999999997,1428.0339720713644,32.0,32.0,111.265,44.626061627230136,4,4,43.75,43.75,808.3377655932389,1605.309863766015,0.0,0.0,11.320835525035477,808.2929336978116,108.0311646693738,44.7778332066774
REP_00017,Renapro,TERR_UNITED_KINGDOM_BIRMINGHAM,2024-02-01,high_incentive_low_target_attainment,0.9507884730673519,1086.17,470.62849028218415,10.0,10.0,115.39,47.062849028218416,4,4,25.0,25.0,774.7664270826425,1696.3078416324513,0.0,0.0,-19.497262516622186,902.0441520331866,103.59257572043639,44.88580748478766
REP_00002,Respira,TERR_INDIA_MUMBAI,2024-01-01,high_incentive_low_target_attainment,0.9349477790075743,2201.18,547.4649673472869,44.0,44.0,50.24,12.442385621529247,3,3,26.666666666666668,26.666666666666668,1474.4547160056304,1676.1565273356898,0.0,0.0,-25.49668606246155,176.20512526759785,181.61777573139298,45.17093997786367
REP_00022,Renapro,TERR_INDIA_BENGALURU,2025-05-01,high_incentive_low_target_attainment,0.9165281368309449,1462.93,826.3843862105969,13.0,13.0,112.56,63.56802970850745,4,4,41.17647058823529,41.17647058823529,517.3472721161789,1651.6757194504744,0.0,0.0,-8.380865250407055,1125.9475820838884,80.55205783278473,45.502493537042994
REP_00031,Neurocalm,TERR_UNITED_KINGDOM_LONDON,2025-03-01,high_incentive_low_target_attainment,0.8878463343918299,5841.0199999999995,1844.750713782372,59.0,59.0,96.596,31.26696125054868,5,5,40.0,40.0,1283.2562582860473,1767.778941266724,0.0,0.0,-16.416236058340246,468.1064469223363,145.70886486820015,46.018765980947066
REP_00012,Oncora,TERR_BRAZIL_SAO_PAULO,2025-01-01,high_incentive_low_target_attainment,0.8680610747935221,2000.89,1005.1954245392594,9.0,9.0,216.66,111.68838050436216,2,2,33.33333333333333,33.33333333333333,647.4238539552982,1663.6940313198015,0.0,0.0,-1.9430263935519179,1014.3271509709514,92.31147765276255,46.3749006537166
REP_00027,Dermasol,TERR_UNITED_STATES_NEW_YORK,2025-04-01,high_incentive_low_target_attainment,0.8619534496940504,1055.0500000000002,467.9032449972383,26.0,26.0,39.644999999999996,17.996278653739935,3,3,33.33333333333333,33.33333333333333,751.046728544004,1539.1272892542665,0.0,0.0,-12.298974512464838,775.7815861977977,104.81617461852555,46.48483790550709
REP_00001,Neurocalm,TERR_INDIA_MUMBAI,2024-11-01,high_incentive_low_target_attainment,0.8008090270651027,988.64,464.3157824823342,10.0,10.0,102.87,46.43157824823342,2,2,33.33333333333333,33.33333333333333,711.1654831946968,1468.907161763617,0.0,0.0,-1.8979602873142767,755.843718281606,101.32084395488397,47.58543751282816
REP_00030,Respira,TERR_BRAZIL_BRASILIA,2024-04-01,high_incentive_low_target_attainment,0.7968394096462269,293.67,141.42228676213801,6.0,6.0,48.68,23.570381127023,1,1,15.384615384615385,15.384615384615385,714.6013314783727,1551.34317297372,0.0,0.0,-9.884283418350265,826.857558076997,98.96176473079315,47.65689062636792
REP_00013,Oncora,TERR_INDIA_DELHI,2025-05-01,high_incentive_low_target_attainment,0.6989164586617489,2206.96,1345.93282325792,8.0,8.0,277.8,168.24160290724,4,4,37.5,37.5,514.890391866333,1457.2771616629918,0.0,0.0,-2.9742659377939162,939.412503858865,81.03440684286902,49.41950374408852
REP_00010,Renapro,TERR_BRAZIL_SAO_PAULO,2025-04-01,high_incentive_low_target_attainment,0.6582122285499935,1556.83,861.9573102233211,13.0,13.0,119.81,66.30440847871701,2,2,30.76923076923077,30.76923076923077,582.2241057423222,1409.4672110544275,0.0,0.0,-1.982044145066311,825.261061167039,90.5826974097455,50.152179886100114
REP_00009,Dermasol,TERR_UNITED_KINGDOM_MANCHESTER,2024-02-01,high_incentive_low_target_attainment,0.6221519081019651,1248.77,696.6718237354316,33.0,33.0,38.332499999999996,21.111267385922172,3,3,20.0,20.0,612.7066575068143,1460.0248772357613,0.0,0.0,-11.062536043173736,836.2556836857733,91.06023001016733,50.80126565416463
REP_00033,Neurocalm,TERR_UNITED_KINGDOM_LONDON,2025-06-01,high_incentive_low_target_attainment,0.6184708784987747,600.31,441.47428120334655,7.0,7.0,86.93,63.067754457620936,2,2,29.411764705882355,29.411764705882355,137.69853848027432,1304.0129546826747,0.0,0.0,3.369650226075322,1169.6840664284757,69.16888422464173,50.86752418702205
REP_00011,Oncora,TERR_BRAZIL_SAO_PAULO,2025-04-01,high_incentive_low_target_attainment,0.6044555789230638,3945.59,1851.2612419249185,19.0,19.0,207.12,97.43480220657466,8,8,47.05882352941176,47.05882352941176,855.6907573629458,1444.5089945946559,0.0,0.0,-4.6431840929653845,584.1750531387447,108.95154365825874,51.11979957938485
REP_00018,Dermasol,TERR_UNITED_KINGDOM_BIRMINGHAM,2024-05-01,high_incentive_low_target_attainment,0.5628050619440164,324.15,163.4849477581241,9.0,9.0,36.31,18.16499419534712,1,1,20.0,20.0,801.4273996025535,1378.8237138761283,0.0,0.0,29.66047474922925,607.0567890228041,102.84433848889142,51.86950888500771
REP_00007,Dermasol,TERR_UNITED_KINGDOM_MANCHESTER,2024-10-01,high_incentive_low_target_attainment,0.5184675540267869,227.93,227.93,6.0,6.0,36.11,37.98833333333334,2,2,19.047619047619047,19.047619047619047,63.22175113491347,1361.3041707353307,0.0,0.0,0.1872725508342512,1298.2696921512515,29.471116590996356,29.471116590996356
REP_00008,Glycoban,TERR_UNITED_KINGDOM_MANCHESTER,2024-08-01,high_incentive_low_target_attainment,0.4755724010661555,877.3100000000001,877.3100000000001,15.0,15.0,58.025000000000006,58.48733333333334,2,2,33.33333333333333,33.33333333333333,69.30384856616432,1353.5768683015722,0.0,0.0,0.5581640847009197,1284.831183820109,31.562322037755592,31.562322037755592
REP_00019,Respira,TERR_BRAZIL_RIO_DE_JANEIRO,2025-02-01,high_incentive_low_target_attainment,0.4151640945778893,1314.26,425.8616500181964,27.0,27.0,48.39,15.772653704377646,4,4,33.33333333333333,33.33333333333333,1446.1575295153757,1446.1575295153757,0.0,0.0,39.033819277709654,39.033819277709654,168.27698822849882,54.52704629759799
REP_00016,Renapro,TERR_UNITED_KINGDOM_BIRMINGHAM,2025-06-01,high_incentive_weak_sales,0.9005235640180981,611.5,215.1775649326453,5.0,5.0,121.54,43.03551298652906,2,2,21.428571428571427,21.428571428571427,463.82492964760564,1136.613919680494,0.0,0.0,12.85413118209101,685.6431212149794,70.09604276154782,24.665733103588614
REP_00024,Glycoban,TERR_INDIA_BENGALURU,2024-01-01,high_incentive_weak_sales,0.8936167169760002,948.22,335.10504645838375,14.0,14.0,69.81,23.936074747027412,2,2,27.77777777777778,27.77777777777778,474.9065719264614,1160.4896381612664,0.0,0.0,12.562915634768956,698.1459818695739,73.11288666981807,25.838410162405275
REP_00014,Immunara,TERR_INDIA_DELHI,2024-12-01,high_incentive_weak_sales,0.8809098241773216,2565.42,913.8021901489836,16.0,16.0,154.785,57.11263688431148,4,4,33.33333333333333,33.33333333333333,833.1469751078563,2025.3051667733064,0.0,0.0,-11.943804330015382,1180.2143873354348,114.8636590658415,40.9144168295609
REP_00032,Renapro,TERR_UNITED_KINGDOM_LONDON,2024-08-01,high_incentive_weak_sales,0.8442064852198775,2369.61,863.1886715227879,19.0,19.0,126.49000000000001,45.430982711725676,3,3,30.76923076923077,30.76923076923077,835.2708427920064,1999.8108687276947,0.0,0.0,-7.990704774189112,1156.5493211614992,110.77988900756357,40.35429679309283
REP_00007,Neurocalm,TERR_UNITED_KINGDOM_MANCHESTER,2024-03-01,high_incentive_weak_sales,0.8086234138064214,1270.19,472.6413177237888,13.0,13.0,101.315,36.35702444029145,3,3,28.57142857142857,28.57142857142857,826.2588057526006,1948.8333651118157,0.0,0.0,7.549746778073768,1130.1243061372888,105.4813399198471,39.2499070965662
REP_00031,Immunara,TERR_UNITED_KINGDOM_LONDON,2025-06-01,high_incentive_weak_sales,0.771097504274386,3037.18,1155.2173780329426,20.0,20.0,157.99,57.76086890164713,4,4,46.666666666666664,46.666666666666664,1396.783988732367,3242.071830257119,0.0,0.0,22.408636464404253,1867.6964779891562,160.57755569830567,61.07704609695029
REP_00003,Cardiovex,TERR_INDIA_MUMBAI,2024-07-01,high_incentive_weak_sales,0.7334775900306443,1688.71,656.2916929666574,20.0,20.0,84.61,32.81458464833287,4,4,27.77777777777778,27.77777777777778,138.95052899057876,317.29041907288996,0.0,0.0,1.9394757631110906,180.2793658454223,66.0341272351349,25.663168428399395
REP_00029,Renapro,TERR_BRAZIL_BRASILIA,2024-04-01,high_incentive_weak_sales,0.7150963546941443,948.79,372.5697205185435,9.0,9.0,107.47,41.3966356131715,2,2,27.77777777777778,27.77777777777778,663.6123327481287,1503.145875837864,0.0,0.0,-16.39490348808158,823.1386396016537,100.89779079983121,39.62042361242381
REP_00005,Glycoban,TERR_UNITED_STATES_HOUSTON,2025-05-01,high_incentive_weak_sales,0.6930415113364286,1655.42,658.080548686759,26.0,26.0,66.565,25.310790334106116,2,2,27.27272727272727,27.27272727272727,646.9728990739117,1451.1870693324574,0.0,0.0,-0.4607904860624785,803.7533797724833,92.18523353946426,36.64647586018512
REP_00025,Cardiovex,TERR_UNITED_STATES_NEW_YORK,2024-03-01,high_incentive_weak_sales,0.6847465788501477,1225.13,489.2627132477301,12.0,12.0,101.0,40.77189277064418,2,2,31.25,31.25,854.7804329097258,1910.217648113058,0.0,0.0,-19.27802966437571,1036.1591855389565,119.57387594606136,47.75251522607191
REP_00003,Glycoban,TERR_INDIA_MUMBAI,2025-03-01,high_incentive_weak_sales,0.6620202057473747,4859.9,1965.1275604594334,79.0,79.0,62.63399999999999,24.875032410878905,5,5,38.88888888888889,38.88888888888889,1056.6262817309816,2337.2786851126493,0.0,0.0,10.72386804616167,1291.3762714278294,128.3151822424159,51.88495669662881
REP_00014,Immunara,TERR_INDIA_DELHI,2025-03-01,high_incentive_weak_sales,0.653822834744557,4097.65,1664.2973294659723,27.0,27.0,152.51666666666668,61.64064183207305,7,7,46.666666666666664,46.666666666666664,936.3826893426482,2063.621552832847,0.0,0.0,-0.6640936964067805,1126.5747697937923,121.71632311208545,49.4361772010448
REP_00019,Neurocalm,TERR_BRAZIL_RIO_DE_JANEIRO,2025-05-01,high_incentive_weak_sales,0.6521015679115156,1562.5700000000002,635.2435436662707,16.0,16.0,96.15,39.70272147914192,3,3,27.77777777777778,27.77777777777778,1191.5363661805907,2623.884100189869,0.0,0.0,7.352680486992995,1439.7004144962714,142.45105519212407,57.91171793855276
REP_00032,Respira,TERR_UNITED_KINGDOM_LONDON,2024-01-01,high_incentive_weak_sales,0.6050123497627932,1561.6499999999999,651.0476420784455,29.0,29.0,53.42666666666667,22.44991869236019,4,4,30.76923076923077,30.76923076923077,533.476866891193,1149.6492364632827,0.0,0.0,16.5014578797892,632.6738274518789,81.60266566546443,34.01992960574799
REP_00031,Glycoban,TERR_UNITED_KINGDOM_LONDON,2024-11-01,high_incentive_weak_sales,0.5431507654278985,2678.5299999999997,1153.1254636612503,41.0,41.0,64.4925,28.125011308810983,4,4,33.33333333333333,33.33333333333333,1531.9016401183626,3206.5010905740037,0.0,0.0,15.711281906739941,1690.310732362381,207.54352849748673,89.348906873754
REP_00036,Oncora,TERR_UNITED_STATES_CHICAGO,2024-08-01,high_incentive_weak_sales,0.5429160545232232,3587.12,1544.4648917497043,17.0,17.0,213.78333333333333,90.85087598527673,6,6,31.57894736842105,31.57894736842105,1077.6446214360021,2255.41972927401,0.0,0.0,25.620411555572673,1203.3955193935806,126.33294176060362,54.393717862996596
REP_00009,Renapro,TERR_UNITED_KINGDOM_MANCHESTER,2024-07-01,high_incentive_weak_sales,0.5371869423497447,1228.1399999999999,530.3340302969685,12.0,12.0,101.775,44.19450252474738,2,2,26.666666666666668,26.666666666666668,1224.855351972183,2556.502096903541,0.0,0.0,34.54606584084581,1366.1928107722038,143.91118469656377,62.143565542153254
REP_00027,Oncora,TERR_UNITED_STATES_NEW_YORK,2024-07-01,high_incentive_weak_sales,0.4785215874498676,1557.53,692.6729198178258,7.0,7.0,222.16,98.9532742596894,4,4,44.44444444444444,44.44444444444444,541.1474152797645,1097.7292138877008,0.0,0.0,5.525595778351203,562.1073943862875,83.70141484364295,37.224132705392044
REP_00004,Immunara,TERR_UNITED_STATES_HOUSTON,2024-08-01,high_incentive_weak_sales,0.47182432312057626,4199.87,1873.976319612229,28.0,28.0,151.794,66.92772570043675,5,5,31.57894736842105,31.57894736842105,609.970429869807,1233.2530514950895,0.0,0.0,4.336401768206542,627.619023393489,84.07345107309155,37.51346027830645
REP_00010,Glycoban,TERR_BRAZIL_SAO_PAULO,2024-10-01,high_incentive_weak_sales,0.432829999167541,1273.29,579.0635158791916,17.0,17.0,74.24,34.06255975759951,2,2,30.76923076923077,30.76923076923077,558.3004512864707,1107.0148833595904,0.0,0.0,6.405104482528941,555.1195365556487,87.15294571326925,39.635190069783015
REP_00006,Renapro,TERR_UNITED_STATES_HOUSTON,2024-07-01,high_incentive_weak_sales,0.36804676095696814,2070.18,970.9759304084628,18.0,18.0,114.95,53.9431072449146,5,5,33.33333333333333,33.33333333333333,985.9710261206128,1891.1385330480598,0.0,0.0,-21.330275744520577,883.8372311829264,128.97485990132333,60.49304147078446
REP_00003,Dermasol,TERR_INDIA_MUMBAI,2024-01-01,large_manual_incentive_override,0.929832130096925,1171.95,1171.95,31.0,31.0,37.97666666666667,37.80483870967742,2,2,33.33333333333333,33.33333333333333,795.4062115518178,2060.365818824437,0.0,1270.4123243709882,5.452717098369135,1270.4123243709885,108.45985823985784,108.45985823985784
REP_00035,Cardiovex,TERR_UNITED_STATES_CHICAGO,2024-01-01,large_manual_incentive_override,0.9237357435409581,1695.73,1695.73,21.0,21.0,82.27,80.74904761904762,2,2,23.076923076923077,23.076923076923077,1536.403845554339,2849.2929777073077,0.0,1351.5056701179535,38.6165379649849,1351.5056701179537,214.80851716931699,214.80851716931699
REP_00022,Dermasol,TERR_INDIA_BENGALURU,2024-11-01,large_manual_incentive_override,0.923471579620262,422.41,422.41,10.0,10.0,42.69,42.241,2,2,17.647058823529413,17.647058823529413,134.46825403589935,1437.5357623375721,0.0,1307.8159102437512,4.748401942078345,1307.8159102437512,62.6391885701983,62.6391885701983
REP_00028,Glycoban,TERR_BRAZIL_BRASILIA,2024-01-01,large_manual_incentive_override,0.840928098838479,694.95,694.95,12.0,12.0,58.77,57.9125,2,2,21.428571428571427,21.428571428571427,465.5096053819024,1742.5810462276959,0.0,1279.6735135602419,2.602072714448468,1279.6735135602419,71.53755837870126,71.53755837870126
REP_00001,Neurocalm,TERR_INDIA_MUMBAI,2024-03-01,large_manual_incentive_override,0.7776589792820274,1837.17,1837.17,18.0,18.0,99.735,102.065,2,2,33.33333333333333,33.33333333333333,105.58308604462425,1315.4035456778627,0.0,1210.2212639538118,0.40080432057327187,1210.2212639538118,49.34196512455731,49.34196512455731
REP_00026,Immunara,TERR_UNITED_STATES_NEW_YORK,2025-05-01,large_manual_incentive_override,0.7680548500444664,2179.8500000000004,2179.8500000000004,14.0,14.0,159.6,155.70357142857145,2,2,27.27272727272727,27.27272727272727,101.25568580470733,1435.4378095576794,0.0,1335.8968052953794,1.714681542407419,1335.8968052953796,41.98957910104161,41.98957910104161
REP_00002,Respira,TERR_INDIA_MUMBAI,2024-06-01,large_manual_incentive_override,0.7432192785702436,2536.28,2536.28,53.0,53.0,48.342,47.85433962264151,4,4,33.33333333333333,33.33333333333333,1376.2961764285321,2546.7896226525045,0.0,1194.7930113420825,24.299565118109967,1194.7930113420823,160.56520736893145,160.56520736893145
REP_00010,Dermasol,TERR_BRAZIL_SAO_PAULO,2024-09-01,large_manual_incentive_override,0.6832137713631016,195.9,195.9,5.0,5.0,38.71,39.18,1,1,15.384615384615385,15.384615384615385,102.26396348041601,1153.136228408235,0.0,1047.5312112243255,-3.3410537034933583,1047.5312112243255,53.06869782699859,53.06869782699859
REP_00029,Immunara,TERR_BRAZIL_BRASILIA,2024-12-01,large_manual_incentive_override,0.6750337492623691,648.28,648.28,5.0,5.0,132.02,129.656,2,2,22.22222222222222,22.22222222222222,677.4333845337143,1679.3811326096825,0.0,994.8522952535656,-7.095452822402535,994.8522952535657,101.855654593713,101.855654593713
REP_00025,Renapro,TERR_UNITED_STATES_NEW_YORK,2024-05-01,large_manual_incentive_override,0.6542500392783652,2265.42,2265.42,19.0,19.0,119.75,119.23263157894738,5,5,37.5,37.5,1174.1862704474927,2181.114877849684,0.0,1002.2026761210882,-4.725931281103158,1002.2026761210882,155.5515784724085,155.5515784724085
REP_00021,Immunara,TERR_BRAZIL_RIO_DE_JANEIRO,2025-06-01,large_manual_incentive_override,0.6533307490933641,2973.36,2973.36,21.0,21.0,145.26333333333332,141.58857142857144,6,6,33.33333333333333,33.33333333333333,567.1320373785899,1733.7300133933322,0.0,1178.2914707228476,11.693494708105277,1178.2914707228476,79.13751155169177,79.13751155169177
REP_00011,Cardiovex,TERR_BRAZIL_SAO_PAULO,2024-11-01,large_manual_incentive_override,0.6241477056473271,1726.06,1726.06,21.0,21.0,82.71,82.19333333333333,5,5,29.411764705882355,29.411764705882355,520.864460151181,1576.816599300751,0.0,1046.8064196581117,-9.145719491458408,1046.8064196581117,82.41189961438951,82.41189961438951
REP_00019,Neurocalm,TERR_BRAZIL_RIO_DE_JANEIRO,2024-09-01,large_manual_incentive_override,0.620305853634647,973.94,973.94,10.0,10.0,98.38,97.394,2,2,27.77777777777778,27.77777777777778,1059.9743784350633,2143.015499004786,0.0,1066.162764625421,-16.878355944301802,1066.1627646254208,131.6395026297379,131.6395026297379
REP_00030,Dermasol,TERR_BRAZIL_BRASILIA,2024-06-01,large_manual_incentive_override,0.5694691334718391,812.71,812.71,22.0,22.0,37.71,36.94136363636364,3,3,23.076923076923077,23.076923076923077,874.8275896882842,1923.5107638216887,0.0,1017.9419965331689,-30.74117760023546,1017.941996533169,114.09998666893901,114.09998666893901
REP_00027,Renapro,TERR_UNITED_STATES_NEW_YORK,2024-08-01,large_manual_incentive_override,0.5027822964775159,5136.12,5136.12,43.0,43.0,119.33800000000001,119.44465116279069,6,6,38.88888888888889,38.88888888888889,1374.8129584186172,2326.916982988045,0.0,957.2980144023016,5.19398983287374,957.2980144023018,164.0946041308331,164.0946041308331
REP_00001,Respira,TERR_INDIA_MUMBAI,2024-07-01,large_manual_incentive_override,0.4922954506407109,887.14,887.14,17.0,17.0,53.19,52.184705882352944,2,2,33.33333333333333,33.33333333333333,718.3737135002038,1603.3475856990558,0.0,882.4239255634976,-2.5499466353542175,882.4239255634977,102.25218668268845,102.25218668268845
REP_00026,Dermasol,TERR_UNITED_STATES_NEW_YORK,2025-02-01,large_manual_incentive_override,0.4680265094834801,1569.8700000000001,1569.8700000000001,43.0,43.0,37.14666666666667,36.50860465116279,2,2,27.27272727272727,27.27272727272727,813.6218343609017,1792.4114539681843,0.0,939.9679509163058,-38.82166869097682,939.9679509163058,108.00226025713458,108.00226025713458
REP_00003,Immunara,TERR_INDIA_MUMBAI,2024-12-01,large_manual_incentive_override,0.46298175322699925,1714.05,1714.05,11.0,11.0,156.4,155.82272727272726,5,5,33.33333333333333,33.33333333333333,881.9546264495715,1748.5088701028833,0.0,869.6295316450777,3.07528799176589,869.6295316450777,116.11976916173694,116.11976916173694
REP_00024,Oncora,TERR_INDIA_BENGALURU,2025-03-01,large_manual_incentive_override,0.4208961996169053,1001.69,1001.69,5.0,5.0,212.61,200.33800000000002,3,3,33.33333333333333,33.33333333333333,88.32736802953171,972.7475314302284,0.0,887.1358581164503,2.7156947157536706,887.1358581164503,39.7248827002964,39.7248827002964
REP_00006,Immunara,TERR_UNITED_STATES_HOUSTON,2025-03-01,large_manual_incentive_override,0.3591095068424416,2007.19,2007.19,12.0,12.0,167.78,167.26583333333335,3,3,26.666666666666668,26.666666666666668,978.1999027457401,1798.3288831044883,0.0,785.2118475669848,-34.91713279176338,785.2118475669848,129.81960264459505,129.81960264459505
REP_00022,Respira,TERR_INDIA_BENGALURU,2024-02-01,large_manual_incentive_override,0.35597187274564485,2299.29,2299.29,48.0,48.0,47.618,47.901875,3,3,29.411764705882355,29.411764705882355,888.8246695292579,1718.4906606419777,0.0,820.0881317613818,-9.577859351337906,820.0881317613819,113.3019077690159,113.3019077690159
REP_00017,Cardiovex,TERR_UNITED_KINGDOM_BIRMINGHAM,2025-05-01,low_coverage_high_incentive,0.9946762845637496,2649.17,2649.17,33.0,33.0,80.745,80.27787878787879,8,8,37.5,7.539927865771878,1500.014750789383,3816.2533976612076,0.0,0.0,12.303551367971068,2328.5421982397957,514.3910771194113,514.3910771194113
REP_00005,Glycoban,TERR_UNITED_STATES_HOUSTON,2025-04-01,low_coverage_high_incentive,0.9053074857515653,1644.15,1644.15,28.0,28.0,58.44,58.71964285714286,2,2,27.27272727272727,5.9710500777187345,130.5470838920581,319.2970491630538,-15.155343589271695,-15.155343589271695,-15.155343589271695,173.59462168172402,65.328418053466,65.328418053466
REP_00017,Renapro,TERR_UNITED_KINGDOM_BIRMINGHAM,2025-06-01,low_coverage_high_incentive,0.8507565101737646,1035.18,1035.18,8.0,8.0,130.74,129.3975,2,2,25.0,5.746217449131177,832.556709501052,1986.3405735430797,0.0,0.0,-26.285817601965164,1127.4980464400626,109.4964097496814,109.4964097496814
REP_00032,Dermasol,TERR_UNITED_KINGDOM_LONDON,2024-11-01,low_coverage_high_incentive,0.8503072451168678,230.95,230.95,6.0,6.0,38.68,38.49166666666667,1,1,23.076923076923077,5.306274253306764,565.5164895229689,1348.9479549101864,0.0,0.0,-1.0459992676494494,782.385466119568,90.85283064066365,90.85283064066365
REP_00028,Glycoban,TERR_BRAZIL_BRASILIA,2024-05-01,low_coverage_high_incentive,0.8155570647244273,1076.47,1076.47,17.0,17.0,63.80499999999999,63.32176470588235,2,2,28.57142857142857,6.768245344431843,845.5610678773193,1984.6271812417194,0.0,0.0,6.253354966786901,1145.3194683311872,107.66523009570301,107.66523009570301
REP_00027,Cardiovex,TERR_UNITED_STATES_NEW_YORK,2024-05-01,low_coverage_high_incentive,0.7559905547662824,3150.7700000000004,3150.7700000000004,37.0,37.0,85.91000000000001,85.15594594594596,5,5,38.88888888888889,9.675629018484472,1125.472757140515,2567.8669493032417,0.0,0.0,-18.91181635932844,1423.4823758033983,141.76500733384,141.76500733384
REP_00017,Neurocalm,TERR_UNITED_KINGDOM_BIRMINGHAM,2024-06-01,low_coverage_high_incentive,0.713500943656789,1391.49,1391.49,15.0,15.0,91.78999999999999,92.766,4,4,18.75,4.824371461287042,727.9013033285487,1626.750983321714,0.0,0.0,-12.927343348603245,885.9223366445622,98.7208549467027,98.7208549467027
REP_00023,Oncora,TERR_INDIA_BENGALURU,2024-07-01,low_coverage_high_incentive,0.6840571823462308,4046.92,4046.92,18.0,18.0,222.175,224.82888888888888,4,4,40.0,10.527542541230153,605.2523192971494,1333.045778742489,0.0,0.0,7.274132534581327,735.0675919799208,88.4957014933084,88.4957014933084
REP_00030,Immunara,TERR_BRAZIL_BRASILIA,2025-06-01,low_coverage_high_incentive,0.6602971826613915,1274.73,1274.73,8.0,8.0,156.71,159.34125,5,5,23.076923076923077,6.183243772332039,143.63712191143009,312.6013323876526,0.0,0.0,0.9539631172764587,169.91817359349895,64.8130464296756,64.8130464296756
REP_00021,Respira,TERR_BRAZIL_RIO_DE_JANEIRO,2024-11-01,low_coverage_high_incentive,0.6583839206878719,793.36,793.36,17.0,17.0,46.985,46.66823529411765,1,1,25.0,6.708080396560641,688.8708126638217,1497.7582915004937,0.0,0.0,-12.401123618553697,796.4863552181183,96.78578299775111,96.78578299775111
REP_00003,Oncora,TERR_INDIA_MUMBAI,2025-06-01,low_coverage_high_incentive,0.6510507531982188,2225.75,2225.75,11.0,11.0,204.14999999999998,202.3409090909091,3,3,33.33333333333333,8.992994978678539,122.94520768762477,266.3184782209094,0.0,0.0,-0.3587060019977173,143.0145645312869,57.662842814357504,57.662842814357504
REP_00035,Dermasol,TERR_UNITED_STATES_CHICAGO,2024-11-01,low_coverage_high_incentive,0.6429933294795094,600.67,600.67,15.0,15.0,40.62,40.044666666666664,2,2,23.076923076923077,6.263107710094573,579.1156976753214,1249.3220452915302,0.0,0.0,-10.694758652934183,659.5115889632747,88.97897370778172,88.97897370778172
REP_00013,Oncora,TERR_INDIA_DELHI,2024-10-01,low_coverage_high_incentive,0.6245528531542441,1867.27,1867.27,8.0,8.0,240.63,233.40875,3,3,37.5,10.31585360134317,534.0093992706452,1141.1824322606674,0.0,0.0,9.132098824811692,616.3051318148339,82.79399382343736,82.79399382343736
REP_00020,Cardiovex,TERR_BRAZIL_RIO_DE_JANEIRO,2025-06-01,low_coverage_high_incentive,0.5723127767205416,3389.94,3389.94,39.0,39.0,87.43,86.92153846153846,6,6,26.666666666666668,7.614331857490446,543.242272305009,1129.696237466605,0.0,0.0,-4.1277081364208925,582.3262570251751,84.4070715907324,84.4070715907324
REP_00012,Neurocalm,TERR_BRAZIL_SAO_PAULO,2024-07-01,low_coverage_high_incentive,0.5035173497724444,694.37,694.37,7.0,7.0,100.85,99.19571428571429,2,2,26.666666666666668,7.981240801213631,619.8284932892941,1242.0551555493964,0.0,0.0,7.5640642002472305,629.7907264603496,91.27079989420656,91.27079989420656
REP_00022,Neurocalm,TERR_INDIA_BENGALURU,2024-12-01,low_coverage_high_incentive,0.5035099068209776,3901.29,3901.29,42.0,42.0,94.63333333333333,92.88785714285714,5,5,41.17647058823529,12.324036061474303,1177.8193991925139,2360.186238362444,0.0,0.0,17.501139812926567,1199.8679789828566,138.38829715982536,138.38829715982536
REP_00023,Immunara,TERR_INDIA_BENGALURU,2024-10-01,low_coverage_high_incentive,0.4857337942037114,1889.4,1889.4,12.0,12.0,152.92000000000002,157.45000000000002,1,1,20.0,6.057064823185154,494.16827079352765,980.5816447130051,0.0,0.0,5.89544399643637,492.3088179159138,77.30998884148296,77.30998884148296
REP_00029,Glycoban,TERR_BRAZIL_BRASILIA,2025-03-01,low_coverage_high_incentive,0.4686361500233973,4658.23,4658.23,71.0,71.0,65.20166666666667,65.60887323943662,9,9,38.88888888888889,11.910607722040245,1385.9555124767035,2724.0952341090856,0.0,0.0,4.984814152451008,1343.1245357848331,176.33750713725814,176.33750713725814
REP_00023,Oncora,TERR_INDIA_BENGALURU,2024-10-01,low_coverage_high_incentive,0.4446356975851577,2188.84,2188.84,10.0,10.0,221.33,218.88400000000001,2,2,20.0,6.221457209659369,140.5284468979596,272.4986084207778,0.0,0.0,-0.3875317727666072,131.5826297500516,66.67200001573076,66.67200001573076
REP_00018,Renapro,TERR_UNITED_KINGDOM_BIRMINGHAM,2025-05-01,low_coverage_high_incentive,0.39489326557554816,1674.48,1674.48,13.0,13.0,126.05333333333333,128.80615384615385,3,3,26.666666666666668,8.560569250263743,763.2271001460444,1438.2118613594346,0.0,0.0,-12.187244661936347,662.7975165514538,100.91964550029753,100.91964550029753
REP_00003,Dermasol,TERR_INDIA_MUMBAI,2024-10-01,low_coverage_high_incentive,0.38650727888523384,963.6000000000001,963.6000000000001,25.0,25.0,37.905,38.544000000000004,3,3,27.77777777777778,8.96384845063759,801.1437939090445,1502.2711997256495,0.0,0.0,-25.272531146907795,675.8548746696972,112.3563549863356,112.3563549863356
REP_00009,Respira,TERR_UNITED_KINGDOM_MANCHESTER,2024-12-01,sales_inconsistent_with_peer_group,0.9902488850463781,1129.67,4274.019578549582,23.0,23.0,47.995000000000005,185.8269381978079,3,3,26.666666666666668,26.666666666666668,1538.1859298744612,1538.1859298744612,0.0,0.0,49.28706138954317,49.28706138954317,206.38715274507672,780.849922183966
REP_00020,Immunara,TERR_BRAZIL_RIO_DE_JANEIRO,2024-07-01,sales_inconsistent_with_peer_group,0.9342526120150216,1266.41,331.5898669312502,8.0,8.0,163.15,41.44873336640627,2,2,20.0,20.0,500.4445996214147,500.4445996214147,0.0,0.0,-7.158368739579998,-7.158368739579998,83.14412421063257,21.770002671424727
REP_00022,Cardiovex,TERR_INDIA_BENGALURU,2024-03-01,sales_inconsistent_with_peer_group,0.9010948551233829,3246.79,869.4998623601111,40.0,40.0,81.64333333333333,21.73749655900278,4,4,29.411764705882355,29.411764705882355,1094.2029457100487,1094.2029457100487,0.0,0.0,14.209379376766947,14.209379376766947,130.5370154928625,34.95819471045052
REP_00022,Cardiovex,TERR_INDIA_BENGALURU,2024-09-01,sales_inconsistent_with_peer_group,0.8740088158889575,1234.31,336.56969212281814,13.0,13.0,94.76,25.88997631713986,2,2,23.52941176470588,23.52941176470588,664.0307260040198,664.0307260040198,0.0,0.0,7.14550398125391,7.14550398125391,94.62260210288451,25.801540988591004
REP_00020,Oncora,TERR_BRAZIL_RIO_DE_JANEIRO,2025-05-01,sales_inconsistent_with_peer_group,0.8677171445341156,2643.19,723.7342697329968,12.0,12.0,220.02,60.3111891444164,5,5,33.33333333333333,33.33333333333333,783.0766014015616,783.0766014015616,0.0,0.0,6.633482872660807,6.633482872660807,106.22793814596841,29.08636883436847
REP_00017,Respira,TERR_UNITED_KINGDOM_BIRMINGHAM,2024-04-01,sales_inconsistent_with_peer_group,0.8227300672418589,334.69,94.351985283068,7.0,7.0,47.85,13.478855040438287,2,2,31.25,31.25,528.0962417360987,528.0962417360987,0.0,0.0,-10.323566944536765,-10.323566944536765,82.57884347998021,23.27968515556446
REP_00007,Respira,TERR_UNITED_KINGDOM_MANCHESTER,2024-07-01,sales_inconsistent_with_peer_group,0.8041918209005295,1334.35,4626.359705571656,28.0,28.0,47.8325,165.22713234184488,6,6,19.047619047619047,19.047619047619047,1282.4246048090035,1282.4246048090035,0.0,0.0,-21.40897498720983,-21.40897498720983,156.5271394523324,542.6993298539859
REP_00026,Dermasol,TERR_UNITED_STATES_NEW_YORK,2024-02-01,sales_inconsistent_with_peer_group,0.7829989867791253,665.54,2283.5331476236643,16.0,16.0,42.07,142.72082172647902,1,1,27.27272727272727,27.27272727272727,764.0948068079904,764.0948068079904,0.0,0.0,-1.5402940817835997,-1.5402940817835997,101.7168358881415,349.0004604110459
REP_00027,Dermasol,TERR_UNITED_STATES_NEW_YORK,2024-09-01,sales_inconsistent_with_peer_group,0.7711367589370502,1942.47,6625.634034225169,47.0,47.0,40.692499999999995,140.97093689840784,5,5,38.88888888888889,38.88888888888889,1372.8512978808167,1372.8512978808167,0.0,0.0,16.12844383849597,16.12844383849597,169.9516378691213,579.6935633692984
REP_00006,Neurocalm,TERR_UNITED_STATES_HOUSTON,2025-04-01,sales_inconsistent_with_peer_group,0.7037183668691229,1787.18,5891.119364531971,20.0,20.0,86.77,294.55596822659857,3,3,26.666666666666668,26.666666666666668,557.4583273620831,557.4583273620831,0.0,0.0,-1.0329055649546035,-1.0329055649546035,87.22505352691104,287.52179517716365
REP_00022,Renapro,TERR_INDIA_BENGALURU,2025-01-01,sales_inconsistent_with_peer_group,0.6669603016463804,1445.22,4673.599424147149,11.0,11.0,124.47,424.8726749224681,5,5,29.411764705882355,29.411764705882355,99.42069006925276,99.42069006925276,0.0,0.0,0.42703333399450116,0.42703333399450116,44.99494643285688,145.506120686215
REP_00033,Renapro,TERR_UNITED_KINGDOM_LONDON,2025-01-01,sales_inconsistent_with_peer_group,0.6230717522384519,1016.22,3210.4645593015916,9.0,9.0,114.02,356.71828436684353,3,3,29.411764705882355,29.411764705882355,519.3630292361759,519.3630292361759,0.0,0.0,-9.950429415767303,-9.950429415767303,87.31292946795355,275.8409258090418
REP_00015,Dermasol,TERR_INDIA_DELHI,2024-01-01,sales_inconsistent_with_peer_group,0.5502703504766288,2561.65,7775.785073607376,65.0,65.0,39.565,119.62746267088271,3,3,28.57142857142857,28.57142857142857,1564.0788705248985,1564.0788705248985,43.84374025670718,43.84374025670718,43.84374025670718,43.84374025670718,182.8784869592738,555.1202581077907
REP_00019,Renapro,TERR_BRAZIL_RIO_DE_JANEIRO,2024-08-01,sales_inconsistent_with_peer_group,0.5368566017085048,1629.5300000000002,543.2295911272294,12.0,12.0,133.995,45.26913259393578,3,3,16.666666666666664,16.666666666666664,1029.6774254142053,1029.6774254142053,0.0,0.0,21.76386602327375,21.76386602327375,122.35057527538555,40.787498837719454
REP_00011,Immunara,TERR_BRAZIL_SAO_PAULO,2024-04-01,sales_inconsistent_with_peer_group,0.45572294785252226,1063.38,370.0241997082653,7.0,7.0,157.18,52.86059995832362,3,3,35.294117647058826,35.294117647058826,437.8169554906891,437.8169554906891,0.0,0.0,-3.2549975297463334,-3.2549975297463334,71.1314300549684,24.751594425505587
REP_00031,Cardiovex,TERR_UNITED_KINGDOM_LONDON,2024-02-01,sales_inconsistent_with_peer_group,0.42957747861411294,1732.26,610.926621041265,24.0,24.0,71.92,25.455275876719373,4,4,33.33333333333333,33.33333333333333,1029.8784673369632,1029.8784673369632,0.0,0.0,24.052192549044207,24.052192549044207,121.88297699365624,42.985207357547154
REP_00008,Neurocalm,TERR_UNITED_KINGDOM_MANCHESTER,2025-03-01,sales_inconsistent_with_peer_group,0.41304413669287077,751.35,267.2191718212461,8.0,8.0,96.17,33.40239647765576,1,1,11.11111111111111,11.11111111111111,534.7189737289181,534.7189737289181,0.0,0.0,-5.2405000699384345,-5.2405000699384345,84.09687374486758,29.90922599967979
REP_00035,Renapro,TERR_UNITED_STATES_CHICAGO,2025-05-01,sales_inconsistent_with_peer_group,0.38848918375933084,1282.1,461.64824315038913,11.0,11.0,122.07,41.96802210458083,2,2,30.76923076923077,30.76923076923077,733.3056880099497,733.3056880099497,0.0,0.0,-2.640851611395533,-2.640851611395533,98.52663337389879,35.47667670273994
REP_00006,Cardiovex,TERR_UNITED_STATES_HOUSTON,2024-12-01,sales_inconsistent_with_peer_group,0.3823590762440429,546.7,1503.4307018704512,6.0,6.0,89.74,250.57178364507521,2,2,20.0,20.0,104.53915340670866,104.53915340670866,0.0,0.0,-1.4983166254940556,-1.4983166254940556,52.57986682549994,144.59518215788592
REP_00026,Oncora,TERR_UNITED_STATES_NEW_YORK,2025-03-01,sales_inconsistent_with_peer_group,0.3753009313860434,8056.69,22059.310543510655,37.0,37.0,217.53666666666666,596.1975822570447,4,4,54.54545454545454,54.54545454545454,676.4612296455059,676.4612296455059,0.0,0.0,2.6258478518130914,2.6258478518130914,84.00902558770692,230.01768516561515
REP_00032,Glycoban,TERR_UNITED_KINGDOM_LONDON,2024-07-01,sales_inconsistent_with_peer_group,0.3568733621876693,2468.9700000000003,903.0573674927119,37.0,37.0,68.40666666666667,24.406955878181403,3,3,30.76923076923077,30.76923076923077,131.70094037221878,131.70094037221878,0.0,0.0,-0.8205107802722011,-0.8205107802722011,61.142256155479856,22.36356249218609
REP_00032,Oncora,TERR_UNITED_KINGDOM_LONDON,2024-07-01,sales_inconsistent_with_territory_opportunity,0.970546474284893,2175.72,34374.71446583602,11.0,11.0,198.38,3124.974042348729,4,4,30.76923076923077,30.76923076923077,890.4898151389299,890.4898151389299,0.0,0.0,1.7381607591855754,1.7381607591855754,115.45380738205833,1824.0819879175106
REP_00016,Respira,TERR_UNITED_KINGDOM_BIRMINGHAM,2024-03-01,sales_inconsistent_with_territory_opportunity,0.8956821047800644,667.02,342.71487144892365,15.0,15.0,45.885,22.84765809659491,1,1,21.428571428571427,21.428571428571427,901.6840355069503,901.6840355069503,0.0,0.0,12.927534339823637,12.927534339823637,112.83709090697272,57.975696538115294
REP_00013,Cardiovex,TERR_INDIA_DELHI,2024-04-01,sales_inconsistent_with_territory_opportunity,0.8451637829848639,620.76,35603.21533902438,7.0,7.0,91.36,5086.173619860625,2,2,25.0,25.0,444.4690038632746,444.4690038632746,0.0,0.0,-0.49545949034376235,-0.49545949034376235,73.84877300306661,4235.539931295364
REP_00003,Neurocalm,TERR_INDIA_MUMBAI,2024-06-01,sales_inconsistent_with_territory_opportunity,0.8282309334726905,1331.01,932.4231215263814,13.0,13.0,100.33500000000001,71.72485550202933,4,4,27.77777777777778,27.77777777777778,136.22658498246042,136.22658498246042,0.0,0.0,0.001752493736944416,0.001752493736944416,66.52522255487166,46.6034482647393
REP_00008,Renapro,TERR_UNITED_KINGDOM_MANCHESTER,2025-04-01,sales_inconsistent_with_territory_opportunity,0.8164023684417983,949.1,708.164202130775,8.0,8.0,112.64,88.52052526634688,1,1,11.11111111111111,11.11111111111111,98.79776554056305,98.79776554056305,0.0,0.0,3.2523360195378785,3.2523360195378785,44.54209333944838,33.234765557860044
REP_00003,Dermasol,TERR_INDIA_MUMBAI,2024-08-01,sales_inconsistent_with_territory_opportunity,0.7996311570351569,1806.9699999999998,33110.253103474075,47.0,47.0,38.82,704.4734702866824,4,4,38.88888888888889,38.88888888888889,780.6607254248296,780.6607254248296,0.0,0.0,-3.0259127884542067,-3.0259127884542067,106.7700943837093,1956.4159055913663
REP_00025,Cardiovex,TERR_UNITED_STATES_NEW_YORK,2025-04-01,sales_inconsistent_with_territory_opportunity,0.7188854178926161,4078.25,1755.2509573507998,50.0,50.0,80.92666666666666,35.105019147015994,4,4,37.5,37.5,637.1969171068146,637.1969171068146,0.0,0.0,21.728573766984937,21.728573766984937,92.05357023871629,39.61922817116799
REP_00019,Glycoban,TERR_BRAZIL_RIO_DE_JANEIRO,2024-09-01,sales_inconsistent_with_territory_opportunity,0.6971780154680494,1838.13,18602.24911408709,26.0,26.0,72.21000000000001,715.4711197725804,5,5,27.77777777777778,27.77777777777778,716.2824998522028,716.2824998522028,0.0,0.0,2.6449027672065313,2.6449027672065313,96.3751935257951,975.336542238685
REP_00001,Dermasol,TERR_INDIA_MUMBAI,2024-02-01,sales_inconsistent_with_territory_opportunity,0.6768482917478493,416.85,416.85,12.0,12.0,35.53,34.737500000000004,1,1,25.0,25.0,517.0273665528068,517.0273665528068,0.0,0.0,-0.0001148486971942475,-0.0001148486971942475,84.82900821491208,84.82900821491208
REP_00002,Neurocalm,TERR_INDIA_MUMBAI,2024-07-01,sales_inconsistent_with_territory_opportunity,0.6679401063681887,832.88,36085.82889980668,8.0,8.0,101.68,4510.728612475835,2,2,26.666666666666668,26.666666666666668,563.5389934852085,563.5389934852085,0.0,0.0,6.19646870033921,6.19646870033921,84.72999832821255,3671.059723312823
REP_00036,Renapro,TERR_UNITED_STATES_CHICAGO,2024-12-01,sales_inconsistent_with_territory_opportunity,0.6616858409857505,805.13,25016.36684765357,7.0,7.0,116.02,3573.7666925219387,3,3,26.31578947368421,26.31578947368421,1156.9559184989805,1156.9559184989805,0.0,0.0,-5.714996084269387,-5.714996084269387,145.53722543563367,4522.018334290699
REP_00025,Neurocalm,TERR_UNITED_STATES_NEW_YORK,2025-06-01,sales_inconsistent_with_territory_opportunity,0.6438435934776099,726.0,726.0,8.0,8.0,89.12,90.75,2,2,31.25,31.25,50.42844175448129,50.42844175448129,0.0,0.0,0.7816769004658966,0.7816769004658966,24.560785821046434,24.560785821046434
REP_00022,Cardiovex,TERR_INDIA_BENGALURU,2025-05-01,sales_inconsistent_with_territory_opportunity,0.5770286772773472,2886.99,1485.696521178221,39.0,39.0,74.28666666666668,38.09478259431336,4,4,35.294117647058826,35.294117647058826,550.4216164918582,550.4216164918582,0.0,0.0,10.606948483311385,10.606948483311385,79.42284067312202,40.87240970358384
REP_00024,Renapro,TERR_INDIA_BENGALURU,2025-05-01,sales_inconsistent_with_territory_opportunity,0.5342501781126234,2128.58,1530.3607153017192,20.0,20.0,114.41333333333334,76.51803576508595,4,4,33.33333333333333,33.33333333333333,837.3684011258084,837.3684011258084,0.0,0.0,-23.769669677121556,-23.769669677121556,110.52495986284754,79.46286098450666
REP_00022,Immunara,TERR_INDIA_BENGALURU,2025-05-01,sales_inconsistent_with_territory_opportunity,0.4343212929430794,1728.29,39210.51229213467,11.0,11.0,159.87,3564.5920265576974,4,4,47.05882352941176,47.05882352941176,707.8965710120599,707.8965710120599,0.0,0.0,-8.283813902745806,-8.283813902745806,98.11819124556332,2226.0526554664907
REP_00009,Cardiovex,TERR_UNITED_KINGDOM_MANCHESTER,2025-06-01,sales_inconsistent_with_territory_opportunity,0.414125275639803,4064.23,861.8118816356277,51.0,51.0,81.445,16.898272188933877,8,8,40.0,40.0,1286.720221972606,1286.720221972606,0.0,0.0,-23.05611984188613,-23.05611984188613,150.9136175491167,32.00093220719392
REP_00035,Respira,TERR_UNITED_STATES_CHICAGO,2025-02-01,sales_inconsistent_with_territory_opportunity,0.39407798665364197,491.76,491.76,11.0,11.0,45.42,44.70545454545454,1,1,23.076923076923077,23.076923076923077,97.06218791889194,97.06218791889194,0.0,0.0,0.12883544778590306,0.12883544778590306,44.96705066024933,44.96705066024933
REP_00028,Respira,TERR_BRAZIL_BRASILIA,2025-01-01,sales_inconsistent_with_territory_opportunity,0.3906388671260144,776.6600000000001,408.1998061671773,16.0,16.0,51.945,25.512487885448582,2,2,14.285714285714285,14.285714285714285,1010.479792111084,1010.479792111084,0.0,0.0,23.882340439871882,23.882340439871882,121.86141441414782,64.04836832476657
REP_00022,Neurocalm,TERR_INDIA_BENGALURU,2024-11-01,sales_inconsistent_with_territory_opportunity,0.38712989558285116,1956.1599999999999,1019.7856709078854,20.0,20.0,95.36,50.98928354539427,4,4,23.52941176470588,23.52941176470588,1453.2590263476093,1453.2590263476093,0.0,0.0,-5.116083038479701,-5.116083038479701,212.71490379705847,110.89257058767666
REP_00003,Neurocalm,TERR_INDIA_MUMBAI,2024-08-01,sales_inconsistent_with_territory_opportunity,0.3850188559512984,2359.38,26485.95586244416,24.0,24.0,95.41666666666667,1103.5814942685067,4,4,33.33333333333333,33.33333333333333,624.7497893323423,624.7497893323423,0.0,0.0,1.0691705972295722,1.0691705972295722,92.96096275955739,1043.5622733853606
REP_00016,Immunara,TERR_UNITED_KINGDOM_BIRMINGHAM,2024-06-01,sales_inconsistent_with_territory_opportunity,0.3628341370597336,1646.87,12217.398887565894,11.0,11.0,148.66,1110.672626142354,3,3,21.428571428571427,21.428571428571427,848.8790207392591,848.8790207392591,0.0,0.0,-1.2164077206618913,-1.2164077206618913,107.66006027534239,798.6822886100575
REP_00016,Oncora,TERR_UNITED_KINGDOM_BIRMINGHAM,2025-03-01,unusual_product_mix,0.9898942034341166,885.3699999999999,3437.732472520588,4.0,9.359576813736467,219.325,367.29571656223203,2,2,21.428571428571427,21.428571428571427,103.72452337919893,103.72452337919893,0.0,0.0,-1.9377528512001874,-1.9377528512001874,48.143051961655345,186.93081203884094
REP_00009,Dermasol,TERR_UNITED_KINGDOM_MANCHESTER,2024-09-01,unusual_product_mix,0.9747266757759365,433.63,1672.526238308423,12.0,27.89672010931124,36.370000000000005,59.95422514742781,1,1,13.333333333333334,13.333333333333334,623.81013245825,623.81013245825,0.0,0.0,-1.1711867865599288,-1.1711867865599288,92.05521389749805,355.0602140457525
REP_00018,Dermasol,TERR_UNITED_KINGDOM_BIRMINGHAM,2025-05-01,unusual_product_mix,0.8636082440179257,448.0,1643.3240386440523,12.0,26.563298928215108,37.455,61.86445603330315,1,1,20.0,20.0,788.6263931024698,788.6263931024698,0.0,0.0,-12.913558227861358,-12.913558227861358,105.32921107479332,386.361661898708
REP_00010,Cardiovex,TERR_BRAZIL_SAO_PAULO,2025-04-01,unusual_product_mix,0.852870552423434,4377.92,15978.882383071523,52.0,114.54926872601857,80.83333333333333,139.49353462299408,6,6,38.46153846153847,38.46153846153847,1187.7993624227704,1187.7993624227704,0.0,0.0,-15.152196278173278,-15.152196278173278,146.85013036698217,535.9853448835812
REP_00035,Respira,TERR_UNITED_STATES_CHICAGO,2025-01-01,unusual_product_mix,0.8468360232331481,414.29,1507.8586833109437,9.0,19.77152420909833,47.49,76.26415987782404,2,2,23.076923076923077,23.076923076923077,67.01795573682487,67.01795573682487,0.0,0.0,-0.173893295693901,-0.173893295693901,30.98653420667425,112.77924803699185
REP_00008,Oncora,TERR_UNITED_KINGDOM_MANCHESTER,2024-12-01,unusual_product_mix,0.785978627704462,1811.83,6406.927416957417,8.0,17.0878290216357,223.07,374.94098336572233,4,4,22.22222222222222,22.22222222222222,155.37567977639185,155.37567977639185,0.0,0.0,3.8472177618806427,3.8472177618806427,69.87413109578972,247.08636365094517
REP_00035,Oncora,TERR_UNITED_STATES_CHICAGO,2024-05-01,unusual_product_mix,0.7477412397708826,1394.08,4839.074882817646,7.0,14.684188678396179,196.71,329.5432242665908,1,1,15.384615384615385,15.384615384615385,642.3741697068803,642.3741697068803,0.0,0.0,1.7684565487412556,1.7684565487412556,92.02268685487232,319.42547960576593
REP_00007,Neurocalm,TERR_UNITED_KINGDOM_MANCHESTER,2024-06-01,unusual_product_mix,0.6754927609184631,2457.59,8228.84123231953,25.0,50.63731902296158,97.06,162.50546812298944,5,5,28.57142857142857,28.57142857142857,1072.799363389956,1072.799363389956,0.0,0.0,-43.315589224568384,-43.315589224568384,132.70984593308285,444.35737944446566
REP_00016,Renapro,TERR_UNITED_KINGDOM_BIRMINGHAM,2024-05-01,unusual_product_mix,0.6448113370726033,363.7,1198.8204015986198,3.0,5.984434011217811,121.06,200.32310480012532,1,1,14.285714285714285,14.285714285714285,72.78248839497971,72.78248839497971,0.0,0.0,-2.301639976828099,-2.301639976828099,34.87430791140077,114.9519708985961
REP_00015,Renapro,TERR_INDIA_DELHI,2024-06-01,unusual_product_mix,0.629706140292987,4250.94,13902.70113402902,38.0,75.22883333113352,112.045,184.80548638623344,5,5,35.714285714285715,35.714285714285715,1496.5918036403275,1496.5918036403275,0.0,0.0,0.3359383566057659,0.3359383566057659,568.528855991097,1859.3738728176934
REP_00020,Neurocalm,TERR_BRAZIL_RIO_DE_JANEIRO,2024-12-01,unusual_product_mix,0.5832419969783741,741.54,2366.633359746884,8.0,15.465935975826994,92.19,153.02231713915623,2,2,20.0,20.0,128.63122046519288,128.63122046519288,0.0,0.0,-0.6273446817284878,-0.6273446817284878,65.81876682735368,210.06134432534563
REP_00031,Respira,TERR_UNITED_KINGDOM_LONDON,2025-05-01,unusual_product_mix,0.5710700478305398,2806.11,8897.667132260187,59.0,113.34313282200185,47.428,78.50203987420575,4,4,33.33333333333333,33.33333333333333,1510.325498648546,1510.325498648546,0.0,0.0,-9.239694394159642,-9.239694394159642,202.97442602713667,643.5951830651794
REP_00017,Oncora,TERR_UNITED_KINGDOM_BIRMINGHAM,2024-09-01,unusual_product_mix,0.5264099624359757,1327.26,4107.732907462714,7.0,13.134869737051831,195.27,312.7349558614435,3,3,25.0,25.0,465.4648409762858,465.4648409762858,0.0,0.0,3.679965148505403,3.679965148505403,70.03483984466709,216.75061125839693
REP_00009,Glycoban,TERR_UNITED_KINGDOM_MANCHESTER,2024-05-01,unusual_product_mix,0.5157545279981773,545.77,1679.215692867461,10.0,18.657545279981775,55.62,90.0019626198705,2,2,13.333333333333334,13.333333333333334,998.1558937676118,998.1558937676118,0.0,0.0,-26.655213277535722,-26.655213277535722,126.7145283040928,389.87306822018564
REP_00035,Renapro,TERR_UNITED_STATES_CHICAGO,2025-03-01,unusual_product_mix,0.46215077805548677,941.44,2810.8162884373482,8.0,14.497206224443895,120.26,193.8867561736137,2,2,30.76923076923077,30.76923076923077,116.2134997803395,116.2134997803395,0.0,0.0,-5.55885936415369,-5.55885936415369,55.680612555245936,166.2431729270632
REP_00001,Glycoban,TERR_INDIA_MUMBAI,2024-05-01,unusual_product_mix,0.42537289014775403,2051.2799999999997,5996.1661335738845,27.0,47.93506803398936,75.175,125.08934230201109,2,2,33.33333333333333,33.33333333333333,584.7830311684568,584.7830311684568,0.0,0.0,5.022007774792314,5.022007774792314,90.18457072457346,263.6215771370005
REP_00034,Respira,TERR_UNITED_STATES_CHICAGO,2024-06-01,unusual_product_mix,0.39755010457624357,529.27,1522.0932845434163,11.0,19.22305115033868,47.61,79.18062916440813,2,2,23.076923076923077,23.076923076923077,111.39950561844726,111.39950561844726,0.0,0.0,0.9430499795750364,0.9430499795750364,51.708045128402304,148.70381515447514
REP_00009,Respira,TERR_UNITED_KINGDOM_MANCHESTER,2024-05-01,unusual_product_mix,0.3964688296935559,860.52,2473.131907457428,16.0,27.943501275096896,52.5,88.50472541397203,3,3,20.0,20.0,1016.554315008165,1016.554315008165,0.0,0.0,14.378552886085117,14.378552886085117,123.43689831766547,354.7572767477765
REP_00032,Dermasol,TERR_UNITED_KINGDOM_LONDON,2025-03-01,unusual_product_mix,0.3771149405104329,2165.38,6152.05115480022,58.0,100.17266654960511,37.82,61.41446930289859,4,4,38.46153846153847,38.46153846153847,1459.6438128914042,1459.6438128914042,0.0,0.0,57.46474038460815,57.46474038460815,309.562418798326,879.4963637102912
REP_00018,Neurocalm,TERR_UNITED_KINGDOM_BIRMINGHAM,2025-05-01,unusual_product_mix,0.35419551042438135,3475.75,9739.511577107824,37.0,63.05523388570211,92.828,154.46000239666506,6,6,33.33333333333333,33.33333333333333,1195.8731247423477,1195.8731247423477,0.0,0.0,8.745853930083058,8.745853930083058,138.4145921362488,387.85600878994546
REP_00034,Cardiovex,TERR_UNITED_STATES_CHICAGO,2024-05-01,very_high_sales_low_activity,0.9872747511790991,440.08,1204.0598597487876,5.0,5.0,88.9,240.81197194975752,2,1,23.076923076923077,23.076923076923077,68.36161285093935,68.36161285093935,0.0,0.0,-2.9653082429822746,-2.9653082429822746,33.14454949639584,90.68356121175043
REP_00006,Neurocalm,TERR_UNITED_STATES_HOUSTON,2024-05-01,very_high_sales_low_activity,0.9715944438301212,777.99,2115.1633374909356,8.0,8.0,99.49,264.39541718636696,1,1,33.33333333333333,33.33333333333333,588.25333146506,588.25333146506,0.0,0.0,5.677292339578571,5.677292339578571,91.45916402815594,248.65495781427168
REP_00021,Oncora,TERR_BRAZIL_RIO_DE_JANEIRO,2024-10-01,very_high_sales_low_activity,0.9135049475621074,1646.55,4371.352228549227,8.0,8.0,201.41,546.4190285686534,4,1,25.0,25.0,774.727079281096,774.727079281096,0.0,0.0,19.61865953319898,19.61865953319898,99.3648554900854,263.7993273730265
REP_00011,Dermasol,TERR_BRAZIL_SAO_PAULO,2024-04-01,very_high_sales_low_activity,0.9015953693541546,2002.39,5289.823606805173,55.0,55.0,36.656,96.17861103282132,3,1,35.294117647058826,35.294117647058826,1439.7445695572555,1439.7445695572555,0.0,0.0,14.299597192346255,14.299597192346255,202.3984030605505,534.6869743103832
REP_00007,Oncora,TERR_UNITED_KINGDOM_MANCHESTER,2024-01-01,very_high_sales_low_activity,0.8394193252493737,1318.9499999999998,3394.134830941427,6.0,6.0,224.5,565.6891384902378,5,1,33.33333333333333,33.33333333333333,1489.3535751151533,1489.3535751151533,0.0,0.0,-4.62631881117386,-4.62631881117386,192.3433201970776,494.96884838683854
REP_00022,Oncora,TERR_INDIA_BENGALURU,2024-06-01,very_high_sales_low_activity,0.8187032070179407,3418.59,8719.365156127407,17.0,17.0,206.745,512.9038327133769,6,1,41.17647058823529,41.17647058823529,996.912016186353,996.912016186353,0.0,0.0,-30.49612417640583,-30.49612417640583,124.03816847482942,316.3684689387404
REP_00015,Cardiovex,TERR_INDIA_DELHI,2024-11-01,very_high_sales_low_activity,0.7082276556284666,1127.8,2739.4830650195627,13.0,13.0,89.61,210.72946653996635,3,1,21.428571428571427,21.428571428571427,123.30952625399058,123.30952625399058,0.0,0.0,-1.1496265636792486,-1.1496265636792486,56.49518339622064,137.22964902387022
REP_00020,Dermasol,TERR_BRAZIL_RIO_DE_JANEIRO,2024-08-01,very_high_sales_low_activity,0.7073593909033042,983.03,2386.8905522436426,25.0,25.0,38.85,95.4756220897457,2,1,26.666666666666668,26.666666666666668,898.4639165575107,898.4639165575107,0.0,0.0,31.42596155102251,31.42596155102251,118.03322034196712,286.5959110964401
REP_00016,Dermasol,TERR_UNITED_KINGDOM_BIRMINGHAM,2024-09-01,very_high_sales_low_activity,0.6715608016116366,466.79,1115.0291532427254,12.0,12.0,37.82,92.91909610356045,2,1,28.57142857142857,28.57142857142857,496.69260978771734,496.69260978771734,0.0,0.0,14.863507661219728,14.863507661219728,74.59799803449641,178.19349725145574
REP_00025,Cardiovex,TERR_UNITED_STATES_NEW_YORK,2025-02-01,very_high_sales_low_activity,0.6136965594883195,3483.6,8099.60066809686,45.0,45.0,78.16000000000001,179.991125957708,6,2,37.5,37.5,574.9017177101106,574.9017177101106,0.0,0.0,-8.569367320891388,-8.569367320891388,90.3912597770695,210.1656642784674
REP_00009,Oncora,TERR_UNITED_KINGDOM_MANCHESTER,2024-08-01,very_high_sales_low_activity,0.5595694008521284,1031.87,2337.728665423014,5.0,5.0,209.29500000000002,467.5457330846028,2,1,26.666666666666668,26.666666666666668,651.8644286137763,651.8644286137763,0.0,0.0,16.481716496140052,16.481716496140052,92.07973515702477,208.60906546477378
REP_00010,Oncora,TERR_BRAZIL_SAO_PAULO,2024-08-01,very_high_sales_low_activity,0.5457363794503439,2152.5699999999997,4843.949834144769,10.0,10.0,212.89499999999998,484.3949834144769,4,1,23.076923076923077,23.076923076923077,790.5217228826376,790.5217228826376,0.0,0.0,-17.068144511686455,-17.068144511686455,107.63294495414762,242.20749423208372
REP_00002,Immunara,TERR_INDIA_MUMBAI,2024-04-01,very_high_sales_low_activity,0.5391729652402195,2186.66,4904.8757517893955,15.0,15.0,148.635,326.9917167859597,3,1,40.0,40.0,826.5824580650291,826.5824580650291,0.0,0.0,-20.569007075961963,-20.569007075961963,107.15374506384845,240.35552206428662
REP_00001,Respira,TERR_INDIA_MUMBAI,2025-03-01,very_high_sales_low_activity,0.5371729586005535,1073.0700000000002,2404.632105354046,23.0,23.0,47.47,104.54922197191505,2,1,25.0,25.0,926.3964627329841,926.3964627329841,0.0,0.0,20.6266034605693,20.6266034605693,119.86459854275047,268.60341072928287
REP_00016,Oncora,TERR_UNITED_KINGDOM_BIRMINGHAM,2024-01-01,very_high_sales_low_activity,0.5069622006561174,2300.64,5079.027269049238,10.0,10.0,222.07,507.90272690492384,3,1,21.428571428571427,21.428571428571427,715.6817053277864,715.6817053277864,0.0,0.0,5.717464428753942,5.717464428753942,95.59312084856103,211.03695820439566
REP_00013,Oncora,TERR_INDIA_DELHI,2024-06-01,very_high_sales_low_activity,0.4682417859537888,1560.18,3377.892616570321,8.0,8.0,193.04,422.2365770712901,3,1,31.25,31.25,669.3041922505179,669.3041922505179,0.0,0.0,-25.80532607114617,-25.80532607114617,98.98899113783246,214.31769557758028
REP_00006,Glycoban,TERR_UNITED_STATES_HOUSTON,2025-03-01,very_high_sales_low_activity,0.4636827682551138,2241.41,4841.5600129541635,34.0,34.0,67.17,142.39882391041658,3,1,26.666666666666668,26.666666666666668,676.4139607132162,676.4139607132162,0.0,0.0,3.9704776684902754,3.9704776684902754,96.18174343620083,207.75747542704215
REP_00031,Glycoban,TERR_UNITED_KINGDOM_LONDON,2024-03-01,very_high_sales_low_activity,0.400299692945935,2447.96,5117.043399978324,39.0,39.0,63.223333333333336,131.20624102508523,4,1,33.33333333333333,33.33333333333333,906.8762796019371,906.8762796019371,0.0,0.0,6.755616672491442,6.755616672491442,110.7654328829917,231.53626990622996
REP_00020,Renapro,TERR_BRAZIL_RIO_DE_JANEIRO,2025-05-01,very_high_sales_low_activity,0.3830945796372681,988.1,2046.7543295535431,8.0,8.0,123.29,255.8442911941929,2,1,13.333333333333334,13.333333333333334,688.3653751573959,688.3653751573959,0.0,0.0,22.40811760759675,22.40811760759675,98.59085562388591,204.22149640985404
REP_00032,Neurocalm,TERR_UNITED_KINGDOM_LONDON,2024-12-01,very_high_sales_low_activity,0.3757761546536085,4373.99,9025.08875696267,45.0,45.0,96.216,200.55752793250377,5,2,38.46153846153847,38.46153846153847,1358.2979111632983,1358.2979111632983,0.0,0.0,-43.091075023748544,-43.091075023748544,170.9635852268729,352.7583581309239
REP_00011,Cardiovex,TERR_BRAZIL_SAO_PAULO,2025-03-01,very_high_sales_low_activity,0.3711146562512452,4414.96,9086.985999039298,53.0,53.0,82.7775,171.4525660196094,8,3,47.05882352941176,47.05882352941176,1024.6489779190256,1024.6489779190256,0.0,0.0,-5.290192693586732,-5.290192693586732,125.0605017431333,257.40279150268225
