product_class,country,date,total_sales,total_quantity,transaction_count,average_price,median_price,distinct_customers,distinct_products,distinct_cities,distributor_count,active_reps,latitude_dispersion,longitude_dispersion
Analgesics,Germany,2017-01-01,23239999.0,55830.0,674,427.1632047477745,445.0,392,42,392,13,13,1.5829915281266531,2.095696502087814
Analgesics,Germany,2017-02-01,32478774.0,72100.0,765,431.80392156862746,458.0,411,42,410,13,13,1.6217090747127798,2.0860803749963237
Analgesics,Germany,2017-03-01,44535117.0,108448.0,847,424.7626918536009,445.0,428,42,428,13,13,1.5858287990726339,2.1627528056480245
Analgesics,Germany,2017-04-01,32223716.0,76589.0,713,435.69565217391306,458.0,410,42,409,13,13,1.6101973593274936,2.055724122411732
Analgesics,Germany,2017-05-01,40790800.0,114669.0,939,422.4366347177849,445.0,444,42,444,13,13,1.6060151852001847,1.9152459657074303
Analgesics,Germany,2017-06-01,76961682.0,172116.0,929,441.1001076426265,458.0,455,42,454,13,13,1.5568525491814504,2.094593150173373
Analgesics,Germany,2017-07-01,49682737.0,120434.0,964,442.03215767634856,458.0,446,42,444,14,13,1.6493227941575204,2.04060360445674
Analgesics,Germany,2017-08-01,49744520.0,104458.0,911,441.67837541163556,460.0,445,42,443,13,13,1.5515384755512784,2.0334191331564595
Analgesics,Germany,2017-09-01,43114493.0,110378.0,820,432.23536585365855,445.0,424,42,423,13,13,1.5559594569776634,2.0107656680678465
Analgesics,Germany,2017-10-01,47333392.0,109975.0,827,436.3204353083434,460.0,421,42,420,12,13,1.5899977146363578,2.0831961339918825
Analgesics,Germany,2017-11-01,38653321.0,106946.0,895,429.80782122905026,445.0,430,42,428,12,13,1.6313158074450476,1.9937492149029965
Analgesics,Germany,2017-12-01,64973444.0,151586.0,654,443.4235474006116,458.0,382,42,381,14,13,1.5765242342760848,2.1086372219281784
Analgesics,Germany,2018-01-01,56586372.0,111586.0,662,442.90634441087616,460.0,382,42,381,9,13,1.6684326326963888,2.066400643174859
Analgesics,Germany,2018-02-01,40456073.0,99813.0,776,415.9265463917526,435.0,409,42,408,9,13,1.6729182535360654,2.015990758148607
Analgesics,Germany,2018-03-01,50221257.0,120175.0,810,431.9555555555556,458.0,421,42,419,12,13,1.5598252875802772,2.0296849691608276
Analgesics,Germany,2018-04-01,35070173.0,87341.0,743,443.95020188425303,460.0,402,42,401,9,13,1.619348449992306,2.0546581875115675
Analgesics,Germany,2018-05-01,31667639.0,72231.0,805,435.52670807453416,458.0,423,42,423,9,13,1.6423258349573204,2.015844315659961
Analgesics,Germany,2018-06-01,74211103.0,165656.0,851,415.29494712103406,435.0,439,42,438,13,13,1.5940499992916322,2.0328634771107725
Analgesics,Germany,2018-07-01,33813366.0,94172.0,893,415.9619260918253,435.0,436,42,434,9,13,1.6264043646929052,2.0853784306380967
Analgesics,Germany,2018-08-01,46415982.0,88637.0,693,439.59884559884557,458.0,390,42,390,9,13,1.6479842532679785,2.0859491589855446
Analgesics,Germany,2018-09-01,48139291.0,113694.0,735,428.6231292517007,458.0,419,42,418,13,13,1.6060474297415603,2.0210228240809616
Analgesics,Germany,2018-10-01,67858018.0,157306.0,1064,429.82142857142856,458.0,474,42,473,9,13,1.6074491929771935,2.003811801758024
Analgesics,Germany,2018-11-01,43132090.0,105775.0,886,432.58690744920995,445.0,435,42,434,8,13,1.6484616301162862,2.1333236062387098
Analgesics,Germany,2018-12-01,40070238.0,100979.0,548,426.2080291970803,445.0,345,42,344,11,13,1.6704987192289134,2.028267089369981
Analgesics,Germany,2019-01-01,15696143.0,36370.0,640,437.2671875,459.0,382,42,380,4,13,1.6110199739491824,2.0469760389034484
Analgesics,Germany,2019-02-01,45894844.0,113239.0,771,443.26718547341113,458.0,418,42,417,9,13,1.5257535763738101,2.0247371610320526
Analgesics,Germany,2019-03-01,48507617.0,118859.0,931,425.6154672395274,435.0,452,42,450,5,13,1.6662249448774644,2.0713476913849647
Analgesics,Germany,2019-04-01,68834307.0,133414.0,613,440.6476345840131,458.0,368,42,366,5,13,1.6727476466183058,2.0309178029916013
Analgesics,Poland,2018-01-01,7773376.0,18151.0,636,436.8380503144654,458.0,193,42,193,8,13,1.4416477837724688,2.328046142111689
Analgesics,Poland,2018-02-01,12458140.0,30954.0,642,414.5404984423676,435.0,193,42,193,8,13,1.4439130065226582,2.253190043336409
Analgesics,Poland,2018-03-01,10030727.0,24998.0,683,416.8550512445095,435.0,198,42,198,8,13,1.426314864718111,2.3302228322079834
Analgesics,Poland,2018-04-01,5830109.0,12919.0,445,427.1303370786517,445.0,178,42,178,8,13,1.424383643031606,2.343011924386924
Analgesics,Poland,2018-05-01,8409828.0,20639.0,501,427.88423153692617,435.0,180,42,180,8,13,1.459171190771023,2.294642174314357
Analgesics,Poland,2018-06-01,9532653.0,23782.0,475,430.5284210526316,445.0,183,42,183,8,13,1.4032308034487604,2.250228480797245
Analgesics,Poland,2018-07-01,7954896.0,21477.0,595,429.8453781512605,445.0,191,42,191,8,13,1.3328952292150884,2.2986391152646997
Analgesics,Poland,2018-08-01,15902948.0,35662.0,691,433.8191027496382,445.0,196,42,196,7,13,1.4121191265845727,2.309488961510833
Analgesics,Poland,2018-09-01,10945433.0,22719.0,524,434.72137404580155,445.0,187,42,187,7,13,1.4408156740777336,2.308956353472185
Analgesics,Poland,2018-10-01,12644708.0,28275.0,714,438.5952380952381,458.0,196,42,196,7,13,1.4136338709779677,2.366165698935865
Analgesics,Poland,2018-11-01,13812014.0,31266.0,677,433.8360413589365,458.0,194,42,194,8,13,1.415849413107291,2.339295772825762
Analgesics,Poland,2018-12-01,9522145.0,22401.0,644,442.5357142857143,458.0,196,42,196,7,13,1.44128420379808,2.3464147788955456
Antibiotics,Germany,2017-01-01,32191776.0,69205.0,630,433.94126984126984,450.0,375,35,373,13,13,1.5854202857210704,2.042364012704607
Antibiotics,Germany,2017-02-01,38999789.0,97440.0,628,421.8009554140127,448.0,375,35,374,12,13,1.6403634311333808,2.0560366679364273
Antibiotics,Germany,2017-03-01,29061352.0,70319.0,692,413.5823699421965,448.0,397,35,397,13,13,1.6043511091933393,2.087404849716294
Antibiotics,Germany,2017-04-01,40029226.0,85017.0,607,424.72652388797366,450.0,364,35,363,13,13,1.6102671926556424,2.090093810759776
Antibiotics,Germany,2017-05-01,31446946.0,73920.0,717,411.78800557880055,430.0,410,35,408,13,13,1.6546894849801368,2.029223372697435
Antibiotics,Germany,2017-06-01,31160717.0,79949.0,692,430.1950867052023,450.0,391,35,389,13,13,1.6235365938265758,1.9972832775137515
Antibiotics,Germany,2017-07-01,26568477.0,62588.0,759,424.2516469038208,448.0,411,35,410,13,13,1.607573193350364,2.018016497245
Antibiotics,Germany,2017-08-01,32449096.0,76497.0,793,417.12484237074403,448.0,429,35,429,13,13,1.5809274657924226,2.052096134166934
Antibiotics,Germany,2017-09-01,42023264.0,114436.0,709,420.10296191819464,448.0,398,35,398,13,13,1.625282039610853,1.9865083439796256
Antibiotics,Germany,2017-10-01,27324239.0,69926.0,707,420.3932107496464,448.0,395,35,394,13,13,1.607377320790135,2.12002991814703
Antibiotics,Germany,2017-11-01,29736245.0,64793.0,726,409.7534435261708,430.0,409,35,407,12,13,1.64115708846029,2.0002543047352477
Antibiotics,Germany,2017-12-01,28906649.0,72981.0,559,406.0983899821109,430.0,345,35,344,14,13,1.6152313502183826,2.0673697985617614
Antibiotics,Germany,2018-01-01,24250016.0,56658.0,555,409.3099099099099,448.0,357,35,356,9,13,1.5702703592954763,2.0645060270388114
Antibiotics,Germany,2018-02-01,33800103.0,78938.0,698,406.9914040114613,448.0,388,35,387,8,13,1.5768098098040848,2.1130113027552255
Antibiotics,Germany,2018-03-01,60722989.0,131103.0,694,415.28818443804033,430.0,399,35,399,11,13,1.614544112072161,2.0218067761042406
Antibiotics,Germany,2018-04-01,45798778.0,111842.0,668,415.6332335329341,430.0,400,35,400,9,13,1.6283567657449904,2.0836490210188483
Antibiotics,Germany,2018-05-01,28876072.0,77583.0,651,407.0430107526882,448.0,380,35,380,9,13,1.6263518557266736,2.170872518656391
Antibiotics,Germany,2018-06-01,33843438.0,80907.0,692,424.08092485549133,448.0,386,35,384,13,13,1.6432488393920561,1.916179989567144
Antibiotics,Germany,2018-07-01,47236173.0,100818.0,761,424.796320630749,448.0,410,35,408,9,13,1.6448803023823564,2.0267888548898623
Antibiotics,Germany,2018-08-01,17769131.0,44048.0,565,409.870796460177,448.0,354,35,353,8,13,1.5806612749231097,2.111942917210318
Antibiotics,Germany,2018-09-01,27608087.0,60366.0,581,436.7710843373494,452.0,343,35,341,12,13,1.6319241744848776,1.961078343825721
Antibiotics,Germany,2018-10-01,42060459.0,100435.0,872,433.4071100917431,450.0,453,35,451,9,13,1.5903812293791146,2.012519157317047
Antibiotics,Germany,2018-11-01,25141746.0,65412.0,692,422.6098265895954,448.0,391,35,389,8,13,1.6361356576533272,2.0335748934283444
Antibiotics,Germany,2018-12-01,38207539.0,81669.0,465,425.0731182795699,448.0,299,35,298,10,13,1.5941280774284832,2.022675298996771
Antibiotics,Germany,2019-01-01,13741117.0,30261.0,492,434.8882113821138,452.0,335,35,335,4,13,1.5761481774882373,2.12268866280285
Antibiotics,Germany,2019-02-01,37129065.0,99445.0,611,440.2258592471358,452.0,366,35,366,10,13,1.5843802432048377,2.0823531402371125
Antibiotics,Germany,2019-03-01,55653428.0,117352.0,776,425.6855670103093,448.0,421,35,420,5,13,1.56646914401566,2.0658863139413906
Antibiotics,Germany,2019-04-01,18440729.0,43882.0,513,430.24171539961014,450.0,333,35,331,4,13,1.6128743403991872,2.017889989199149
Antibiotics,Poland,2018-01-01,5823366.0,14457.0,476,424.65966386554624,450.0,180,35,180,8,13,1.463100531943869,2.285329678121859
Antibiotics,Poland,2018-02-01,10850436.0,24899.0,511,416.27788649706457,430.0,190,35,190,8,13,1.4561052611241891,2.1968536871713824
Antibiotics,Poland,2018-03-01,5189139.0,14872.0,541,423.5323475046211,448.0,185,35,185,8,13,1.393543205098873,2.186278404729519
Antibiotics,Poland,2018-04-01,5267316.0,16992.0,364,405.8763736263736,430.0,172,35,172,8,13,1.4382846139600893,2.3522548273057913
Antibiotics,Poland,2018-05-01,8263574.0,21300.0,440,422.54318181818184,450.0,175,35,175,8,13,1.4973818811403052,2.293205476909384
Antibiotics,Poland,2018-06-01,10006858.0,27000.0,418,401.9377990430622,430.0,177,35,177,8,13,1.3770112859448347,2.2998467644082394
Antibiotics,Poland,2018-07-01,6330557.0,14274.0,484,434.77272727272725,450.0,187,35,187,8,13,1.4374228418630068,2.4017311256602882
Antibiotics,Poland,2018-08-01,7054286.0,20485.0,569,414.3128295254833,430.0,193,35,193,7,13,1.438720779602836,2.3345252015741487
Antibiotics,Poland,2018-09-01,14854588.0,33173.0,479,425.4613778705637,450.0,184,35,184,7,13,1.488030950243717,2.3259535678784395
Antibiotics,Poland,2018-10-01,9949228.0,21496.0,577,425.50606585788563,450.0,189,35,189,7,13,1.4255317100724578,2.377601249068725
Antibiotics,Poland,2018-11-01,8148376.0,22778.0,543,405.4088397790055,448.0,187,35,187,8,13,1.424234579627732,2.30359537283531
Antibiotics,Poland,2018-12-01,6492152.0,19735.0,475,390.2547368421053,430.0,179,35,179,7,13,1.4139345493493811,2.2310678965094866
Antimalarial,Germany,2017-01-01,17349709.0,50935.0,597,319.1005025125628,262.0,373,35,372,13,13,1.6389909320223985,2.072234640512184
Antimalarial,Germany,2017-02-01,22944087.0,76077.0,682,336.6524926686217,402.0,382,35,380,12,13,1.592892454739952,2.0479150854804486
Antimalarial,Germany,2017-03-01,25721481.0,71790.0,708,323.36581920903956,262.0,406,35,405,12,13,1.6611426736424906,2.055843209960448
Antimalarial,Germany,2017-04-01,17789675.0,51628.0,571,342.4028021015762,377.0,356,35,355,13,13,1.6403216664049025,2.069284236031091
Antimalarial,Germany,2017-05-01,18212590.0,65791.0,716,322.981843575419,262.0,407,35,407,13,13,1.6223375533006783,2.0992535588028254
Antimalarial,Germany,2017-06-01,25688426.0,73803.0,728,340.4848901098901,402.0,403,35,402,13,13,1.616292972980247,2.1005384239724147
Antimalarial,Germany,2017-07-01,36810284.0,87307.0,770,342.41948051948054,402.0,417,35,417,13,13,1.6090361281436187,2.051570205226111
Antimalarial,Germany,2017-08-01,25887712.0,72880.0,745,347.2429530201342,402.0,410,35,410,12,13,1.6380246806787782,1.9819336566542092
Antimalarial,Germany,2017-09-01,20078057.0,63830.0,692,345.40751445086704,389.5,403,35,402,14,13,1.667683376158687,1.9548355245006643
Antimalarial,Germany,2017-10-01,24631316.0,72492.0,680,332.16617647058825,262.0,395,35,393,13,13,1.5714836382405342,2.07747710732497
Antimalarial,Germany,2017-11-01,29179946.0,78860.0,791,349.03919089759796,377.0,431,35,429,12,13,1.668659268226128,1.9908471773274814
Antimalarial,Germany,2017-12-01,20408987.0,58469.0,519,335.2697495183044,377.0,346,35,344,12,13,1.5849218700564633,1.9887962085782003
Antimalarial,Germany,2018-01-01,27528354.0,66492.0,541,335.8373382624769,377.0,343,35,343,9,13,1.549038178665758,2.0470016380273037
Antimalarial,Germany,2018-02-01,21982604.0,67005.0,631,341.2377179080824,377.0,395,35,394,9,13,1.650260562644846,2.0366990509734384
Antimalarial,Germany,2018-03-01,39583751.0,96059.0,683,341.6090775988287,377.0,393,35,392,13,13,1.6374723531317652,2.010482604649127
Antimalarial,Germany,2018-04-01,26481999.0,77881.0,605,338.0297520661157,377.0,375,35,375,9,13,1.606726321136265,2.0075248631676326
Antimalarial,Germany,2018-05-01,34520664.0,77726.0,680,350.0735294117647,402.0,396,35,394,9,13,1.6389406385271248,2.035355989675933
Antimalarial,Germany,2018-06-01,54848750.0,158546.0,674,333.74035608308606,262.0,387,35,385,12,13,1.6271253225747482,2.041824156211365
Antimalarial,Germany,2018-07-01,39904515.0,109754.0,708,352.295197740113,402.0,393,35,392,9,13,1.5733502934190378,1.9354128302360327
Antimalarial,Germany,2018-08-01,26308404.0,76359.0,572,338.53846153846155,402.0,349,35,347,9,13,1.6233520846539262,1.9624188593448453
Antimalarial,Germany,2018-09-01,20349575.0,68772.0,591,325.8578680203046,262.0,347,35,345,12,13,1.6050016592935068,2.047293260307407
Antimalarial,Germany,2018-10-01,33410696.0,98310.0,870,339.1862068965517,402.0,447,35,446,9,13,1.6167265434890687,2.008383130217754
Antimalarial,Germany,2018-11-01,21391990.0,82481.0,674,334.03709198813056,377.0,377,35,377,8,13,1.6375766143884587,2.0124165444958315
Antimalarial,Germany,2018-12-01,12599288.0,39167.0,491,338.969450101833,377.0,326,35,324,11,13,1.621092862634394,1.9337711525600274
Antimalarial,Germany,2019-01-01,12886894.0,38315.0,558,348.60573476702507,377.0,363,35,362,4,13,1.639071276240251,2.0141251232939403
Antimalarial,Germany,2019-02-01,63044471.0,140562.0,677,347.81536189069425,402.0,384,35,383,9,13,1.550640694740435,2.0221723298459993
Antimalarial,Germany,2019-03-01,39625451.0,111701.0,774,343.66795865633077,377.0,402,35,402,4,13,1.6375966391440915,1.9919718309984127
Antimalarial,Germany,2019-04-01,18697429.0,56323.0,515,335.9844660194175,377.0,331,35,331,4,13,1.5526149899806265,2.1078879220672837
Antimalarial,Poland,2018-01-01,5770745.0,17289.0,517,346.2282398452611,402.0,179,35,179,8,13,1.4414491153466042,2.2793745102500043
Antimalarial,Poland,2018-02-01,8425196.0,25060.0,504,346.41269841269843,402.0,180,35,180,8,13,1.4593205686005724,2.380209268554264
Antimalarial,Poland,2018-03-01,6427934.0,20736.0,550,334.03090909090906,377.0,188,35,188,9,13,1.4334326947355915,2.4119639484583693
Antimalarial,Poland,2018-04-01,3573103.0,10489.0,394,357.5888324873096,402.0,175,35,175,8,13,1.4599196835566977,2.338352693735149
Antimalarial,Poland,2018-05-01,6290743.0,18608.0,421,344.3895486935867,377.0,173,35,173,8,13,1.4208815562520685,2.2436051146523224
Antimalarial,Poland,2018-06-01,10903131.0,26232.0,401,321.18703241895264,248.0,176,35,176,8,13,1.4723719291080763,2.2471096781759994
Antimalarial,Poland,2018-07-01,4224752.0,14629.0,472,337.1101694915254,377.0,179,35,179,8,13,1.4414365265654705,2.3166987044663063
Antimalarial,Poland,2018-08-01,9707311.0,25647.0,555,330.4,377.0,189,35,189,7,13,1.4181640279273762,2.368191972381458
Antimalarial,Poland,2018-09-01,14692131.0,34124.0,453,344.62693156732894,402.0,187,35,187,7,13,1.4042477261392954,2.258419100722601
Antimalarial,Poland,2018-10-01,8404728.0,27246.0,573,352.81849912739966,402.0,185,35,185,7,13,1.4290983454415402,2.295429860342954
Antimalarial,Poland,2018-11-01,10168199.0,33001.0,590,336.06779661016947,377.0,193,35,193,8,13,1.4065433761641426,2.2900737701708715
Antimalarial,Poland,2018-12-01,4205770.0,12032.0,513,329.81481481481484,377.0,183,35,183,7,13,1.378030116251179,2.3560616108742143
Antipiretics,Germany,2017-01-01,20017128.0,42082.0,583,471.8284734133791,487.0,352,35,351,13,13,1.6428652670377577,2.0400702267945374
Antipiretics,Germany,2017-02-01,37327196.0,80227.0,630,471.5126984126984,487.0,374,35,372,13,13,1.6155402986945295,2.1536808642753247
Antipiretics,Germany,2017-03-01,32699719.0,74823.0,740,465.11756756756756,487.0,400,35,399,12,13,1.6472812947470792,2.094197095434021
Antipiretics,Germany,2017-04-01,22868812.0,48751.0,572,470.19405594405595,487.0,359,35,359,13,13,1.6727818582205567,2.0566253597528235
Antipiretics,Germany,2017-05-01,51549178.0,111686.0,791,472.37926675094815,487.0,408,35,406,14,13,1.5098860091394048,2.1501142238394504
Antipiretics,Germany,2017-06-01,39552170.0,83447.0,720,467.0805555555556,488.5,393,35,392,13,13,1.6337471988293955,2.0182065504198543
Antipiretics,Germany,2017-07-01,41829247.30669,89171.5512759,785,463.0828025477707,487.0,431,35,430,13,13,1.5597003868290134,2.1025588407472386
Antipiretics,Germany,2017-08-01,39342305.0,85819.0,726,464.3154269972452,487.0,407,35,405,12,13,1.6506380972931205,2.0410013157974864
Antipiretics,Germany,2017-09-01,39106531.0,83440.0,667,460.90104947526237,487.0,390,35,388,12,13,1.6598318689493923,2.044608408335376
Antipiretics,Germany,2017-10-01,38267002.0,89295.0,694,468.1743515850144,487.0,406,35,405,13,13,1.625879594851661,2.103800348352739
Antipiretics,Germany,2017-11-01,34901437.0,67881.0,756,471.94179894179894,487.0,415,35,414,12,13,1.6568711739349455,2.0410496702846075
Antipiretics,Germany,2017-12-01,33515804.0,68247.0,569,464.2056239015817,487.0,360,35,360,13,13,1.5560863012855173,2.016444188049972
Antipiretics,Germany,2018-01-01,34363226.0,73399.0,583,473.0343053173242,487.0,374,35,373,9,13,1.6298704069832655,1.9926956599590782
Antipiretics,Germany,2018-02-01,33738960.6,74312.4,651,468.7588325652842,490.0,378,35,378,9,13,1.624933719003886,2.031854357227466
Antipiretics,Germany,2018-03-01,65907182.0,139072.0,751,468.1757656458056,487.0,402,35,400,13,13,1.5722992859407636,2.032618251392342
Antipiretics,Germany,2018-04-01,32908642.0,81763.0,637,473.40816326530614,490.0,379,35,378,9,13,1.5553179418374932,2.0181963355626693
Antipiretics,Germany,2018-05-01,30336425.0,62742.0,708,462.4717514124294,487.0,387,35,387,9,13,1.5747569660121945,2.0918893261143645
Antipiretics,Germany,2018-06-01,39846968.0,84245.0,669,465.35276532137516,487.0,400,35,398,11,13,1.665709089789475,1.9537526580556475
Antipiretics,Germany,2018-07-01,35814093.0,75659.0,684,458.38157894736844,478.5,387,35,385,9,13,1.6465065542519675,2.0080733420720085
Antipiretics,Germany,2018-08-01,28992647.0,65883.0,601,473.216306156406,490.0,375,35,374,8,13,1.5937578117594462,1.978050131846513
Antipiretics,Germany,2018-09-01,42469416.0,83145.0,621,474.02093397745574,487.0,388,35,388,11,13,1.6452028041558413,2.105964283912259
Antipiretics,Germany,2018-10-01,49074843.0,102204.0,866,472.79792147806006,487.0,431,35,430,9,13,1.6482221015204954,2.0779196482809246
Antipiretics,Germany,2018-11-01,55705843.0,121434.0,658,456.2857142857143,487.0,383,35,382,9,13,1.613895596324908,2.0404768060465113
Antipiretics,Germany,2018-12-01,27322396.0,63096.0,467,484.0706638115632,487.0,325,35,323,11,13,1.5961405407925486,2.0886688961528774
Antipiretics,Germany,2019-01-01,12767950.0,26481.0,561,482.73262032085563,490.0,355,35,355,4,13,1.6134706054192665,1.9793670752726202
Antipiretics,Germany,2019-02-01,42598063.0,96552.0,629,473.28934817170114,487.0,363,35,362,9,13,1.6105380126560445,2.1253109891908935
Antipiretics,Germany,2019-03-01,47423482.0,101412.0,773,457.07244501940494,470.0,413,35,412,5,13,1.638812702077819,1.9560761292430289
Antipiretics,Germany,2019-04-01,27049137.0,64805.0,511,471.4050880626223,487.0,340,35,340,5,13,1.5928985466122896,2.009997619366258
Antipiretics,Poland,2018-01-01,7745637.0,15603.0,504,464.92261904761904,487.0,185,35,185,8,13,1.3958543699629256,2.3206561356173556
Antipiretics,Poland,2018-02-01,10247678.0,20752.0,499,479.6573146292585,490.0,183,35,183,8,13,1.4364160430917206,2.2757603537015427
Antipiretics,Poland,2018-03-01,9697550.0,21001.0,543,467.3370165745856,487.0,188,35,188,9,13,1.40747052118723,2.4198417898616764
Antipiretics,Poland,2018-04-01,4598333.0,10054.0,366,462.7704918032787,487.0,167,35,167,8,13,1.3812547573135499,2.3253492731811285
Antipiretics,Poland,2018-05-01,9139023.0,18483.0,420,488.9357142857143,487.0,177,35,177,8,13,1.4503645201666835,2.3744592005316547
Antipiretics,Poland,2018-06-01,6790477.0,15540.0,407,462.4250614250614,487.0,171,35,171,8,13,1.4460121441013276,2.3402202969991053
Antipiretics,Poland,2018-07-01,9020554.0,17503.0,489,460.88752556237216,487.0,182,35,182,8,13,1.397020388185434,2.3134689106066912
Antipiretics,Poland,2018-08-01,10702346.0,24845.0,557,467.5547576301616,487.0,190,35,190,7,13,1.4635400322089873,2.343501187002826
Antipiretics,Poland,2018-09-01,11561331.0,23616.0,468,460.2564102564103,487.0,183,35,183,7,13,1.4379291832659151,2.3441917808302595
Antipiretics,Poland,2018-10-01,7925357.0,15864.0,552,480.3460144927536,490.0,189,35,189,7,13,1.4088724706892146,2.3278699252053645
Antipiretics,Poland,2018-11-01,14711910.0,35043.0,538,466.7211895910781,487.0,190,35,190,8,13,1.4388532747926348,2.2781431141808164
Antipiretics,Poland,2018-12-01,7590845.0,17763.0,445,457.9168539325843,487.0,180,35,180,7,13,1.4865513861117146,2.2678565659295153
Antiseptics,Germany,2017-01-01,30117362.0,68886.0,790,409.14430379746835,375.0,427,49,425,14,13,1.6156250817933613,2.024012322331837
Antiseptics,Germany,2017-02-01,39137404.0,97655.0,954,411.87421383647796,416.0,447,49,446,13,13,1.6324318023974722,2.066891822582591
Antiseptics,Germany,2017-03-01,43035099.0,105952.0,987,409.63120567375887,390.0,450,49,449,13,13,1.6107077280469773,2.037497054839896
Antiseptics,Germany,2017-04-01,42711461.0,101914.0,800,415.06,390.0,422,49,420,13,13,1.6167316081492835,1.9957823488473005
Antiseptics,Germany,2017-05-01,40747450.0,118434.0,1055,410.75165876777254,416.0,467,49,465,13,13,1.6136901879139622,2.0724373852614137
Antiseptics,Germany,2017-06-01,42800519.0,112316.0,977,407.34288638689867,375.0,456,49,454,13,13,1.5846483889263008,1.9920377877663482
Antiseptics,Germany,2017-07-01,61990433.5089,128511.5512759,1071,417.75816993464053,390.0,474,49,472,14,13,1.6298158853129812,1.9955304685679653
Antiseptics,Germany,2017-08-01,45881555.0,103225.0,1041,421.68395773294907,416.0,467,49,466,13,13,1.6079169594331935,2.036337615847299
Antiseptics,Germany,2017-09-01,50448231.0,127854.0,1012,412.35671936758894,390.0,468,49,467,13,13,1.5501061106755996,2.055375864229846
Antiseptics,Germany,2017-10-01,42592241.0,91067.0,975,425.92615384615385,416.0,465,49,465,14,13,1.6273895891562924,2.071990894534707
Antiseptics,Germany,2017-11-01,64218974.0,135409.0,1091,420.50779101741523,390.0,472,49,470,13,13,1.6521907278642356,1.945073014549205
Antiseptics,Germany,2017-12-01,44366481.0,116183.0,830,417.5325301204819,390.0,433,49,432,13,13,1.582350771558945,2.0313026349257792
Antiseptics,Germany,2018-01-01,31982743.0,83863.0,797,390.15934755332495,375.0,405,49,404,9,13,1.5811018294315646,1.966712570748469
Antiseptics,Germany,2018-02-01,42081200.2,89125.6,929,426.28848223896665,416.0,456,49,455,9,13,1.598749977204313,2.0365665617419375
Antiseptics,Germany,2018-03-01,50616084.0,121031.0,989,416.37613751263905,390.0,466,49,464,13,13,1.6113529630920482,2.089470476139429
Antiseptics,Germany,2018-04-01,43038456.0,133743.0,899,404.9577308120133,375.0,449,49,447,9,13,1.597482079870936,2.016010852685625
Antiseptics,Germany,2018-05-01,26962436.0,69645.0,938,415.46268656716416,390.0,445,49,444,9,13,1.61884518316407,2.013910704489414
Antiseptics,Germany,2018-06-01,42008190.0,109208.0,1018,405.5510805500982,375.0,454,49,454,13,13,1.638251092330767,2.0617781920031657
Antiseptics,Germany,2018-07-01,57493313.0,129939.0,989,412.1172901921133,390.0,464,49,462,9,13,1.6209294968122858,1.9974756690815676
Antiseptics,Germany,2018-08-01,39567236.0,124926.0,775,392.0658064516129,375.0,412,49,412,9,13,1.6347370985919643,1.99477170293105
Antiseptics,Germany,2018-09-01,50329194.0,120006.0,848,414.5058962264151,390.0,438,49,437,13,13,1.6292393741443896,2.0588932580749804
Antiseptics,Germany,2018-10-01,50270878.0,118066.0,1240,411.98064516129034,390.0,497,49,495,9,13,1.5963043656948444,1.9289859807114333
Antiseptics,Germany,2018-11-01,35878072.0,101722.0,943,399.2661717921527,375.0,455,49,455,8,13,1.5954143585593064,2.035366066759277
Antiseptics,Germany,2018-12-01,28062918.0,73155.0,709,421.2327221438646,416.0,404,49,404,11,13,1.6298685047977703,2.0443467546221012
Antiseptics,Germany,2019-01-01,24202129.0,57104.0,745,430.6939597315436,445.0,416,49,414,4,13,1.62201395309166,2.179564988245864
Antiseptics,Germany,2019-02-01,52816632.0,118538.0,857,423.0186697782964,416.0,431,49,430,9,13,1.5775844140286623,2.0811794116404467
Antiseptics,Germany,2019-03-01,51308816.0,126995.0,1029,410.1700680272109,390.0,478,49,476,5,13,1.606105544328288,1.991192932556977
Antiseptics,Germany,2019-04-01,42349034.0,92188.0,763,416.80340760157276,390.0,420,49,420,4,13,1.6247469219815664,2.054108650066953
Antiseptics,Poland,2018-01-01,8414369.0,20128.0,790,422.36708860759495,416.0,199,49,199,8,13,1.446085867730913,2.3146719537840017
Antiseptics,Poland,2018-02-01,10157185.0,25047.0,711,404.41631504922645,375.0,194,49,194,8,13,1.4156589758537534,2.3039613008015247
Antiseptics,Poland,2018-03-01,12044429.0,30200.0,778,409.09768637532136,375.0,196,49,196,9,13,1.431985722592426,2.278557306107451
Antiseptics,Poland,2018-04-01,8060807.8,21767.2,559,398.10196779964224,375.0,192,49,192,8,13,1.4554294283545186,2.360055571354464
Antiseptics,Poland,2018-05-01,10850823.0,27183.0,572,407.6206293706294,390.0,186,49,186,8,13,1.402606842166113,2.2563718455475024
Antiseptics,Poland,2018-06-01,11659072.0,32296.0,637,421.16012558869704,390.0,194,49,194,8,13,1.4153874103776074,2.263164395243879
Antiseptics,Poland,2018-07-01,10761139.0,24391.0,680,420.7823529411765,416.0,195,49,195,8,13,1.3837031028136157,2.315756915417673
Antiseptics,Poland,2018-08-01,9669918.0,23907.0,738,395.86856368563684,375.0,195,49,195,7,13,1.43444515668195,2.339025794396963
Antiseptics,Poland,2018-09-01,11322656.0,29532.0,632,399.621835443038,375.0,194,49,194,7,13,1.4156788437074777,2.257808499239045
Antiseptics,Poland,2018-10-01,14035289.0,31067.0,797,415.7917189460477,416.0,195,49,195,7,13,1.4433475663788702,2.3267272241598325
Antiseptics,Poland,2018-11-01,17148323.0,38937.0,750,403.356,375.0,196,49,196,8,13,1.485626032132041,2.27819841617903
Antiseptics,Poland,2018-12-01,10083001.0,24631.0,697,402.7474892395983,375.0,198,49,198,7,13,1.4450388538341352,2.323589296999251
Mood Stabilizers,Germany,2017-01-01,28956210.0,71047.0,769,401.8075422626788,391.0,405,44,404,14,13,1.619374238570299,2.1324790512846112
Mood Stabilizers,Germany,2017-02-01,38108639.0,106067.0,846,398.32505910165486,391.0,429,44,427,13,13,1.620226998498436,2.057469134158376
Mood Stabilizers,Germany,2017-03-01,39715188.0,101322.0,850,401.84823529411767,391.0,431,44,431,13,13,1.6336866977758124,2.0467447584159544
Mood Stabilizers,Germany,2017-04-01,33176944.0,86769.0,730,393.5876712328767,391.0,407,44,406,13,13,1.610406224221069,1.982156532162771
Mood Stabilizers,Germany,2017-05-01,40887835.0,103584.0,944,410.0275423728813,404.0,457,44,455,13,13,1.649001953514133,2.011818802241775
Mood Stabilizers,Germany,2017-06-01,50504877.0,131952.0,926,384.2634989200864,368.0,450,44,449,13,13,1.595570596935415,2.0919168467436857
Mood Stabilizers,Germany,2017-07-01,43607597.0,106383.0,987,406.5552178318136,404.0,469,44,468,14,13,1.602752883993306,2.0520400921872497
Mood Stabilizers,Germany,2017-08-01,40529487.0,101594.0,910,391.5032967032967,368.0,441,44,439,11,13,1.6056289726864201,1.972128233213602
Mood Stabilizers,Germany,2017-09-01,65481034.0,146027.0,820,394.19878048780487,391.0,429,44,428,13,13,1.6268421797449184,2.090418437520287
Mood Stabilizers,Germany,2017-10-01,39190635.0,98054.0,833,397.249699879952,404.0,426,44,424,13,13,1.530560326345058,2.0364104490408717
Mood Stabilizers,Germany,2017-11-01,55377587.0,127705.0,982,405.3116089613035,404.0,456,44,455,13,13,1.6718098514758977,2.096090243009627
Mood Stabilizers,Germany,2017-12-01,28588177.0,78513.0,716,391.372905027933,391.0,412,44,411,14,13,1.616913117394835,2.13947343101685
Mood Stabilizers,Germany,2018-01-01,37414858.0,91603.0,693,406.5858585858586,404.0,388,44,387,9,13,1.5385950367743184,2.0386854902150273
Mood Stabilizers,Germany,2018-02-01,40664779.0,99268.0,868,399.5069124423963,391.0,441,44,440,9,13,1.5934402696804932,2.001275898980324
Mood Stabilizers,Germany,2018-03-01,61252234.0,124708.0,884,404.4264705882353,404.0,431,44,430,13,13,1.5600518648750314,2.072680611708115
Mood Stabilizers,Germany,2018-04-01,26751012.0,68562.0,788,402.88832487309645,404.0,427,44,425,9,13,1.643809643444545,2.079548167382257
Mood Stabilizers,Germany,2018-05-01,31921887.0,78827.0,835,390.04670658682636,368.0,434,44,432,9,13,1.5650952007979557,2.1337692410991953
Mood Stabilizers,Germany,2018-06-01,60506839.0,145443.0,866,402.9769053117783,391.0,445,44,443,13,13,1.5864621557800986,2.097295781540596
Mood Stabilizers,Germany,2018-07-01,44094263.0,110170.0,910,391.92087912087914,391.0,440,44,439,9,13,1.6215181546753692,1.985651784722172
Mood Stabilizers,Germany,2018-08-01,52258758.0,105340.0,777,405.81081081081084,404.0,415,44,413,9,13,1.635446979512261,1.9900876520070794
Mood Stabilizers,Germany,2018-09-01,28152494.0,84471.0,745,395.03087248322146,391.0,403,44,401,13,13,1.5975198544163656,2.032946004063688
Mood Stabilizers,Germany,2018-10-01,54191562.0,125733.0,1113,415.12398921832886,452.0,482,44,480,9,13,1.6210331676024572,1.949634087025791
Mood Stabilizers,Germany,2018-11-01,37758366.0,88114.0,809,403.8182941903585,391.0,426,44,424,9,13,1.5387150268944467,2.0252682001650117
Mood Stabilizers,Germany,2018-12-01,24411285.0,57672.0,611,400.80687397708675,404.0,368,44,368,11,13,1.653980232325984,1.9854443590588537
Mood Stabilizers,Germany,2019-01-01,18369843.0,48011.0,665,401.29022556390976,391.0,381,44,381,5,13,1.6364368553119526,2.053900648660877
Mood Stabilizers,Germany,2019-02-01,47272214.0,120712.0,826,411.9624697336562,404.0,414,44,412,8,13,1.5905701317015846,2.009715137297747
Mood Stabilizers,Germany,2019-03-01,59766214.0,158579.0,940,407.8159574468085,404.0,454,44,452,5,13,1.598032122713143,2.118295673916107
Mood Stabilizers,Germany,2019-04-01,27457217.0,73743.0,669,405.57847533632287,404.0,380,44,379,4,13,1.6175445215327031,2.062444305560814
Mood Stabilizers,Poland,2018-01-01,6277190.0,15105.0,641,418.02028081123245,404.0,189,44,189,8,13,1.503987288697294,2.3021618879124146
Mood Stabilizers,Poland,2018-02-01,10210254.0,25977.0,616,390.3766233766234,368.0,194,44,194,8,13,1.422053442445362,2.295646804500689
Mood Stabilizers,Poland,2018-03-01,12025759.0,31433.0,749,404.56608811749,404.0,196,44,196,8,13,1.427494627084991,2.3089155718212626
Mood Stabilizers,Poland,2018-04-01,9031677.0,20894.0,460,413.2826086956522,404.0,185,44,185,8,13,1.4437784459749399,2.260076904931174
Mood Stabilizers,Poland,2018-05-01,7213396.0,18539.0,521,391.8502879078695,391.0,190,44,190,8,13,1.4603650375342068,2.236383240899779
Mood Stabilizers,Poland,2018-06-01,9840971.0,24743.0,504,408.68055555555554,404.0,185,44,185,8,13,1.466892041129416,2.3006870513362045
Mood Stabilizers,Poland,2018-07-01,10351280.0,26503.0,606,392.66831683168317,368.0,192,44,192,8,13,1.4432605603669626,2.333054598338883
Mood Stabilizers,Poland,2018-08-01,13820756.0,32965.0,675,407.5762962962963,404.0,197,44,197,7,13,1.3969812378670774,2.3130296249246842
Mood Stabilizers,Poland,2018-09-01,12162575.0,31379.0,564,401.0691489361702,404.0,192,44,192,7,13,1.4364605285795369,2.348215397167065
Mood Stabilizers,Poland,2018-10-01,10008187.0,22932.0,725,407.04689655172416,404.0,189,44,189,7,13,1.4667460844390805,2.300241942248913
Mood Stabilizers,Poland,2018-11-01,13840658.0,29950.0,664,404.0090361445783,404.0,194,44,194,8,13,1.4392551525678976,2.2705841347436375
Mood Stabilizers,Poland,2018-12-01,6314590.0,18953.0,582,395.8917525773196,391.0,194,44,194,7,13,1.4650149266405905,2.240812197498859
