sales_team,sales_manager,territory_id,customer,rep_slot,manager_id,rep_id,rep_tenure_months,rep_capacity
Team_Apex,MGR_01,TERR_INDIA_MUMBAI,CUST_00_001,1,MANAGER_MGR_01,REP_00002,74,106
Team_Apex,MGR_01,TERR_INDIA_MUMBAI,CUST_00_002,1,MANAGER_MGR_01,REP_00002,74,106
Team_Apex,MGR_01,TERR_INDIA_MUMBAI,CUST_00_003,1,MANAGER_MGR_01,REP_00002,74,106
Team_Apex,MGR_01,TERR_INDIA_MUMBAI,CUST_00_004,2,MANAGER_MGR_01,REP_00003,32,115
Team_Apex,MGR_01,TERR_INDIA_MUMBAI,CUST_00_005,2,MANAGER_MGR_01,REP_00003,32,115
Team_Apex,MGR_01,TERR_INDIA_MUMBAI,CUST_00_006,1,MANAGER_MGR_01,REP_00002,74,106
Team_Apex,MGR_01,TERR_INDIA_MUMBAI,CUST_00_007,2,MANAGER_MGR_01,REP_00003,32,115
Team_Apex,MGR_01,TERR_INDIA_MUMBAI,CUST_00_008,2,MANAGER_MGR_01,REP_00003,32,115
Team_Apex,MGR_01,TERR_INDIA_MUMBAI,CUST_00_009,0,MANAGER_MGR_01,REP_00001,32,96
Team_Apex,MGR_01,TERR_INDIA_MUMBAI,CUST_00_010,1,MANAGER_MGR_01,REP_00002,74,106
Team_Apex,MGR_01,TERR_INDIA_MUMBAI,CUST_00_011,1,MANAGER_MGR_01,REP_00002,74,106
Team_Apex,MGR_01,TERR_INDIA_MUMBAI,CUST_00_012,0,MANAGER_MGR_01,REP_00001,32,96
Team_Apex,MGR_01,TERR_INDIA_MUMBAI,CUST_00_013,2,MANAGER_MGR_01,REP_00003,32,115
Team_Apex,MGR_01,TERR_INDIA_MUMBAI,CUST_00_014,2,MANAGER_MGR_01,REP_00003,32,115
Team_Apex,MGR_01,TERR_INDIA_MUMBAI,CUST_00_015,2,MANAGER_MGR_01,REP_00003,32,115
Team_Apex,MGR_01,TERR_INDIA_MUMBAI,CUST_00_016,2,MANAGER_MGR_01,REP_00003,32,115
Team_Apex,MGR_01,TERR_INDIA_MUMBAI,CUST_00_017,0,MANAGER_MGR_01,REP_00001,32,96
Team_Apex,MGR_01,TERR_INDIA_MUMBAI,CUST_00_018,0,MANAGER_MGR_01,REP_00001,32,96
Team_Apex,MGR_01,TERR_INDIA_MUMBAI,CUST_00_019,0,MANAGER_MGR_01,REP_00001,32,96
Team_Apex,MGR_01,TERR_INDIA_MUMBAI,CUST_00_020,2,MANAGER_MGR_01,REP_00003,32,115
Team_Apex,MGR_01,TERR_INDIA_MUMBAI,CUST_00_021,0,MANAGER_MGR_01,REP_00001,32,96
Team_Apex,MGR_01,TERR_INDIA_MUMBAI,CUST_00_022,1,MANAGER_MGR_01,REP_00002,74,106
Team_Apex,MGR_01,TERR_INDIA_MUMBAI,CUST_00_023,2,MANAGER_MGR_01,REP_00003,32,115
Team_Apex,MGR_01,TERR_INDIA_MUMBAI,CUST_00_024,1,MANAGER_MGR_01,REP_00002,74,106
Team_Apex,MGR_01,TERR_INDIA_MUMBAI,CUST_00_025,2,MANAGER_MGR_01,REP_00003,32,115
Team_Apex,MGR_01,TERR_INDIA_MUMBAI,CUST_00_026,1,MANAGER_MGR_01,REP_00002,74,106
Team_Apex,MGR_01,TERR_INDIA_MUMBAI,CUST_00_027,2,MANAGER_MGR_01,REP_00003,32,115
Team_Apex,MGR_01,TERR_INDIA_MUMBAI,CUST_00_028,1,MANAGER_MGR_01,REP_00002,74,106
Team_Apex,MGR_01,TERR_INDIA_MUMBAI,CUST_00_029,2,MANAGER_MGR_01,REP_00003,32,115
Team_Apex,MGR_01,TERR_INDIA_MUMBAI,CUST_00_030,2,MANAGER_MGR_01,REP_00003,32,115
Team_Apex,MGR_01,TERR_INDIA_MUMBAI,CUST_00_031,2,MANAGER_MGR_01,REP_00003,32,115
Team_Apex,MGR_01,TERR_INDIA_MUMBAI,CUST_00_032,1,MANAGER_MGR_01,REP_00002,74,106
Team_Apex,MGR_01,TERR_INDIA_MUMBAI,CUST_00_033,1,MANAGER_MGR_01,REP_00002,74,106
Team_Apex,MGR_01,TERR_INDIA_MUMBAI,CUST_00_034,1,MANAGER_MGR_01,REP_00002,74,106
Team_Apex,MGR_01,TERR_INDIA_MUMBAI,CUST_00_035,0,MANAGER_MGR_01,REP_00001,32,96
Team_Apex,MGR_01,TERR_INDIA_MUMBAI,CUST_00_036,2,MANAGER_MGR_01,REP_00003,32,115
Team_Apex,MGR_01,TERR_INDIA_MUMBAI,CUST_00_037,0,MANAGER_MGR_01,REP_00001,32,96
Team_Apex,MGR_01,TERR_INDIA_MUMBAI,CUST_00_038,1,MANAGER_MGR_01,REP_00002,74,106
Team_Apex,MGR_01,TERR_INDIA_MUMBAI,CUST_00_039,2,MANAGER_MGR_01,REP_00003,32,115
Team_Apex,MGR_01,TERR_INDIA_MUMBAI,CUST_00_040,0,MANAGER_MGR_01,REP_00001,32,96
Team_Apex,MGR_01,TERR_INDIA_MUMBAI,CUST_00_041,0,MANAGER_MGR_01,REP_00001,32,96
Team_Apex,MGR_01,TERR_INDIA_MUMBAI,CUST_00_042,0,MANAGER_MGR_01,REP_00001,32,96
Team_Apex,MGR_01,TERR_INDIA_MUMBAI,CUST_00_043,2,MANAGER_MGR_01,REP_00003,32,115
Team_Apex,MGR_01,TERR_INDIA_MUMBAI,CUST_00_044,0,MANAGER_MGR_01,REP_00001,32,96
Team_Apex,MGR_01,TERR_INDIA_MUMBAI,CUST_00_045,1,MANAGER_MGR_01,REP_00002,74,106
Team_Apex,MGR_01,TERR_UNITED_STATES_HOUSTON,CUST_08_001,0,MANAGER_MGR_01,REP_00004,73,101
Team_Apex,MGR_01,TERR_UNITED_STATES_HOUSTON,CUST_08_002,0,MANAGER_MGR_01,REP_00004,73,101
Team_Apex,MGR_01,TERR_UNITED_STATES_HOUSTON,CUST_08_003,2,MANAGER_MGR_01,REP_00006,37,105
Team_Apex,MGR_01,TERR_UNITED_STATES_HOUSTON,CUST_08_004,2,MANAGER_MGR_01,REP_00006,37,105
Team_Apex,MGR_01,TERR_UNITED_STATES_HOUSTON,CUST_08_005,1,MANAGER_MGR_01,REP_00005,86,102
Team_Apex,MGR_01,TERR_UNITED_STATES_HOUSTON,CUST_08_006,2,MANAGER_MGR_01,REP_00006,37,105
Team_Apex,MGR_01,TERR_UNITED_STATES_HOUSTON,CUST_08_007,1,MANAGER_MGR_01,REP_00005,86,102
Team_Apex,MGR_01,TERR_UNITED_STATES_HOUSTON,CUST_08_008,0,MANAGER_MGR_01,REP_00004,73,101
Team_Apex,MGR_01,TERR_UNITED_STATES_HOUSTON,CUST_08_009,0,MANAGER_MGR_01,REP_00004,73,101
Team_Apex,MGR_01,TERR_UNITED_STATES_HOUSTON,CUST_08_010,2,MANAGER_MGR_01,REP_00006,37,105
Team_Apex,MGR_01,TERR_UNITED_STATES_HOUSTON,CUST_08_011,2,MANAGER_MGR_01,REP_00006,37,105
Team_Apex,MGR_01,TERR_UNITED_STATES_HOUSTON,CUST_08_012,0,MANAGER_MGR_01,REP_00004,73,101
Team_Apex,MGR_01,TERR_UNITED_STATES_HOUSTON,CUST_08_013,1,MANAGER_MGR_01,REP_00005,86,102
Team_Apex,MGR_01,TERR_UNITED_STATES_HOUSTON,CUST_08_014,2,MANAGER_MGR_01,REP_00006,37,105
Team_Apex,MGR_01,TERR_UNITED_STATES_HOUSTON,CUST_08_015,1,MANAGER_MGR_01,REP_00005,86,102
Team_Apex,MGR_01,TERR_UNITED_STATES_HOUSTON,CUST_08_016,0,MANAGER_MGR_01,REP_00004,73,101
Team_Apex,MGR_01,TERR_UNITED_STATES_HOUSTON,CUST_08_017,2,MANAGER_MGR_01,REP_00006,37,105
Team_Apex,MGR_01,TERR_UNITED_STATES_HOUSTON,CUST_08_018,0,MANAGER_MGR_01,REP_00004,73,101
Team_Apex,MGR_01,TERR_UNITED_STATES_HOUSTON,CUST_08_019,0,MANAGER_MGR_01,REP_00004,73,101
Team_Apex,MGR_01,TERR_UNITED_STATES_HOUSTON,CUST_08_020,1,MANAGER_MGR_01,REP_00005,86,102
Team_Apex,MGR_01,TERR_UNITED_STATES_HOUSTON,CUST_08_021,1,MANAGER_MGR_01,REP_00005,86,102
Team_Apex,MGR_01,TERR_UNITED_STATES_HOUSTON,CUST_08_022,0,MANAGER_MGR_01,REP_00004,73,101
Team_Apex,MGR_01,TERR_UNITED_STATES_HOUSTON,CUST_08_023,0,MANAGER_MGR_01,REP_00004,73,101
Team_Apex,MGR_01,TERR_UNITED_STATES_HOUSTON,CUST_08_024,1,MANAGER_MGR_01,REP_00005,86,102
Team_Apex,MGR_01,TERR_UNITED_STATES_HOUSTON,CUST_08_025,0,MANAGER_MGR_01,REP_00004,73,101
Team_Apex,MGR_01,TERR_UNITED_STATES_HOUSTON,CUST_08_026,0,MANAGER_MGR_01,REP_00004,73,101
Team_Apex,MGR_01,TERR_UNITED_STATES_HOUSTON,CUST_08_027,0,MANAGER_MGR_01,REP_00004,73,101
Team_Apex,MGR_01,TERR_UNITED_STATES_HOUSTON,CUST_08_028,0,MANAGER_MGR_01,REP_00004,73,101
Team_Apex,MGR_01,TERR_UNITED_STATES_HOUSTON,CUST_08_029,2,MANAGER_MGR_01,REP_00006,37,105
Team_Apex,MGR_01,TERR_UNITED_STATES_HOUSTON,CUST_08_030,0,MANAGER_MGR_01,REP_00004,73,101
Team_Apex,MGR_01,TERR_UNITED_STATES_HOUSTON,CUST_08_031,1,MANAGER_MGR_01,REP_00005,86,102
Team_Apex,MGR_01,TERR_UNITED_STATES_HOUSTON,CUST_08_032,0,MANAGER_MGR_01,REP_00004,73,101
Team_Apex,MGR_01,TERR_UNITED_STATES_HOUSTON,CUST_08_033,2,MANAGER_MGR_01,REP_00006,37,105
Team_Apex,MGR_01,TERR_UNITED_STATES_HOUSTON,CUST_08_034,0,MANAGER_MGR_01,REP_00004,73,101
Team_Apex,MGR_01,TERR_UNITED_STATES_HOUSTON,CUST_08_035,1,MANAGER_MGR_01,REP_00005,86,102
Team_Apex,MGR_01,TERR_UNITED_STATES_HOUSTON,CUST_08_036,2,MANAGER_MGR_01,REP_00006,37,105
Team_Apex,MGR_01,TERR_UNITED_STATES_HOUSTON,CUST_08_037,0,MANAGER_MGR_01,REP_00004,73,101
Team_Apex,MGR_01,TERR_UNITED_STATES_HOUSTON,CUST_08_038,1,MANAGER_MGR_01,REP_00005,86,102
Team_Apex,MGR_01,TERR_UNITED_STATES_HOUSTON,CUST_08_039,0,MANAGER_MGR_01,REP_00004,73,101
Team_Apex,MGR_01,TERR_UNITED_STATES_HOUSTON,CUST_08_040,2,MANAGER_MGR_01,REP_00006,37,105
Team_Apex,MGR_01,TERR_UNITED_STATES_HOUSTON,CUST_08_041,2,MANAGER_MGR_01,REP_00006,37,105
Team_Apex,MGR_01,TERR_UNITED_STATES_HOUSTON,CUST_08_042,1,MANAGER_MGR_01,REP_00005,86,102
Team_Apex,MGR_01,TERR_UNITED_STATES_HOUSTON,CUST_08_043,2,MANAGER_MGR_01,REP_00006,37,105
Team_Apex,MGR_01,TERR_UNITED_STATES_HOUSTON,CUST_08_044,2,MANAGER_MGR_01,REP_00006,37,105
Team_Apex,MGR_01,TERR_UNITED_STATES_HOUSTON,CUST_08_045,2,MANAGER_MGR_01,REP_00006,37,105
Team_Apex,MGR_05,TERR_UNITED_KINGDOM_MANCHESTER,CUST_04_001,2,MANAGER_MGR_05,REP_00009,112,108
Team_Apex,MGR_05,TERR_UNITED_KINGDOM_MANCHESTER,CUST_04_002,2,MANAGER_MGR_05,REP_00009,112,108
Team_Apex,MGR_05,TERR_UNITED_KINGDOM_MANCHESTER,CUST_04_003,2,MANAGER_MGR_05,REP_00009,112,108
Team_Apex,MGR_05,TERR_UNITED_KINGDOM_MANCHESTER,CUST_04_004,0,MANAGER_MGR_05,REP_00007,93,118
Team_Apex,MGR_05,TERR_UNITED_KINGDOM_MANCHESTER,CUST_04_005,1,MANAGER_MGR_05,REP_00008,60,103
Team_Apex,MGR_05,TERR_UNITED_KINGDOM_MANCHESTER,CUST_04_006,0,MANAGER_MGR_05,REP_00007,93,118
Team_Apex,MGR_05,TERR_UNITED_KINGDOM_MANCHESTER,CUST_04_007,2,MANAGER_MGR_05,REP_00009,112,108
Team_Apex,MGR_05,TERR_UNITED_KINGDOM_MANCHESTER,CUST_04_008,0,MANAGER_MGR_05,REP_00007,93,118
Team_Apex,MGR_05,TERR_UNITED_KINGDOM_MANCHESTER,CUST_04_009,1,MANAGER_MGR_05,REP_00008,60,103
Team_Apex,MGR_05,TERR_UNITED_KINGDOM_MANCHESTER,CUST_04_010,0,MANAGER_MGR_05,REP_00007,93,118
Team_Apex,MGR_05,TERR_UNITED_KINGDOM_MANCHESTER,CUST_04_011,2,MANAGER_MGR_05,REP_00009,112,108
Team_Apex,MGR_05,TERR_UNITED_KINGDOM_MANCHESTER,CUST_04_012,2,MANAGER_MGR_05,REP_00009,112,108
Team_Apex,MGR_05,TERR_UNITED_KINGDOM_MANCHESTER,CUST_04_013,2,MANAGER_MGR_05,REP_00009,112,108
Team_Apex,MGR_05,TERR_UNITED_KINGDOM_MANCHESTER,CUST_04_014,0,MANAGER_MGR_05,REP_00007,93,118
Team_Apex,MGR_05,TERR_UNITED_KINGDOM_MANCHESTER,CUST_04_015,0,MANAGER_MGR_05,REP_00007,93,118
Team_Apex,MGR_05,TERR_UNITED_KINGDOM_MANCHESTER,CUST_04_016,0,MANAGER_MGR_05,REP_00007,93,118
Team_Apex,MGR_05,TERR_UNITED_KINGDOM_MANCHESTER,CUST_04_017,1,MANAGER_MGR_05,REP_00008,60,103
Team_Apex,MGR_05,TERR_UNITED_KINGDOM_MANCHESTER,CUST_04_018,2,MANAGER_MGR_05,REP_00009,112,108
Team_Apex,MGR_05,TERR_UNITED_KINGDOM_MANCHESTER,CUST_04_019,2,MANAGER_MGR_05,REP_00009,112,108
Team_Apex,MGR_05,TERR_UNITED_KINGDOM_MANCHESTER,CUST_04_020,0,MANAGER_MGR_05,REP_00007,93,118
Team_Apex,MGR_05,TERR_UNITED_KINGDOM_MANCHESTER,CUST_04_021,2,MANAGER_MGR_05,REP_00009,112,108
Team_Apex,MGR_05,TERR_UNITED_KINGDOM_MANCHESTER,CUST_04_022,0,MANAGER_MGR_05,REP_00007,93,118
Team_Apex,MGR_05,TERR_UNITED_KINGDOM_MANCHESTER,CUST_04_023,2,MANAGER_MGR_05,REP_00009,112,108
Team_Apex,MGR_05,TERR_UNITED_KINGDOM_MANCHESTER,CUST_04_024,2,MANAGER_MGR_05,REP_00009,112,108
Team_Apex,MGR_05,TERR_UNITED_KINGDOM_MANCHESTER,CUST_04_025,0,MANAGER_MGR_05,REP_00007,93,118
Team_Apex,MGR_05,TERR_UNITED_KINGDOM_MANCHESTER,CUST_04_026,0,MANAGER_MGR_05,REP_00007,93,118
Team_Apex,MGR_05,TERR_UNITED_KINGDOM_MANCHESTER,CUST_04_027,1,MANAGER_MGR_05,REP_00008,60,103
Team_Apex,MGR_05,TERR_UNITED_KINGDOM_MANCHESTER,CUST_04_028,0,MANAGER_MGR_05,REP_00007,93,118
Team_Apex,MGR_05,TERR_UNITED_KINGDOM_MANCHESTER,CUST_04_029,0,MANAGER_MGR_05,REP_00007,93,118
Team_Apex,MGR_05,TERR_UNITED_KINGDOM_MANCHESTER,CUST_04_030,0,MANAGER_MGR_05,REP_00007,93,118
Team_Apex,MGR_05,TERR_UNITED_KINGDOM_MANCHESTER,CUST_04_031,2,MANAGER_MGR_05,REP_00009,112,108
Team_Apex,MGR_05,TERR_UNITED_KINGDOM_MANCHESTER,CUST_04_032,1,MANAGER_MGR_05,REP_00008,60,103
Team_Apex,MGR_05,TERR_UNITED_KINGDOM_MANCHESTER,CUST_04_033,1,MANAGER_MGR_05,REP_00008,60,103
Team_Apex,MGR_05,TERR_UNITED_KINGDOM_MANCHESTER,CUST_04_034,2,MANAGER_MGR_05,REP_00009,112,108
Team_Apex,MGR_05,TERR_UNITED_KINGDOM_MANCHESTER,CUST_04_035,1,MANAGER_MGR_05,REP_00008,60,103
Team_Apex,MGR_05,TERR_UNITED_KINGDOM_MANCHESTER,CUST_04_036,1,MANAGER_MGR_05,REP_00008,60,103
Team_Apex,MGR_05,TERR_UNITED_KINGDOM_MANCHESTER,CUST_04_037,0,MANAGER_MGR_05,REP_00007,93,118
Team_Apex,MGR_05,TERR_UNITED_KINGDOM_MANCHESTER,CUST_04_038,0,MANAGER_MGR_05,REP_00007,93,118
Team_Apex,MGR_05,TERR_UNITED_KINGDOM_MANCHESTER,CUST_04_039,0,MANAGER_MGR_05,REP_00007,93,118
Team_Apex,MGR_05,TERR_UNITED_KINGDOM_MANCHESTER,CUST_04_040,0,MANAGER_MGR_05,REP_00007,93,118
Team_Apex,MGR_05,TERR_UNITED_KINGDOM_MANCHESTER,CUST_04_041,0,MANAGER_MGR_05,REP_00007,93,118
Team_Apex,MGR_05,TERR_UNITED_KINGDOM_MANCHESTER,CUST_04_042,1,MANAGER_MGR_05,REP_00008,60,103
Team_Apex,MGR_05,TERR_UNITED_KINGDOM_MANCHESTER,CUST_04_043,2,MANAGER_MGR_05,REP_00009,112,108
Team_Apex,MGR_05,TERR_UNITED_KINGDOM_MANCHESTER,CUST_04_044,0,MANAGER_MGR_05,REP_00007,93,118
Team_Apex,MGR_05,TERR_UNITED_KINGDOM_MANCHESTER,CUST_04_045,0,MANAGER_MGR_05,REP_00007,93,118
Team_Bridge,MGR_02,TERR_BRAZIL_SAO_PAULO,CUST_09_001,0,MANAGER_MGR_02,REP_00010,39,87
Team_Bridge,MGR_02,TERR_BRAZIL_SAO_PAULO,CUST_09_002,2,MANAGER_MGR_02,REP_00012,74,107
Team_Bridge,MGR_02,TERR_BRAZIL_SAO_PAULO,CUST_09_003,1,MANAGER_MGR_02,REP_00011,44,114
Team_Bridge,MGR_02,TERR_BRAZIL_SAO_PAULO,CUST_09_004,0,MANAGER_MGR_02,REP_00010,39,87
Team_Bridge,MGR_02,TERR_BRAZIL_SAO_PAULO,CUST_09_005,2,MANAGER_MGR_02,REP_00012,74,107
Team_Bridge,MGR_02,TERR_BRAZIL_SAO_PAULO,CUST_09_006,0,MANAGER_MGR_02,REP_00010,39,87
Team_Bridge,MGR_02,TERR_BRAZIL_SAO_PAULO,CUST_09_007,1,MANAGER_MGR_02,REP_00011,44,114
Team_Bridge,MGR_02,TERR_BRAZIL_SAO_PAULO,CUST_09_008,2,MANAGER_MGR_02,REP_00012,74,107
Team_Bridge,MGR_02,TERR_BRAZIL_SAO_PAULO,CUST_09_009,2,MANAGER_MGR_02,REP_00012,74,107
Team_Bridge,MGR_02,TERR_BRAZIL_SAO_PAULO,CUST_09_010,2,MANAGER_MGR_02,REP_00012,74,107
Team_Bridge,MGR_02,TERR_BRAZIL_SAO_PAULO,CUST_09_011,1,MANAGER_MGR_02,REP_00011,44,114
Team_Bridge,MGR_02,TERR_BRAZIL_SAO_PAULO,CUST_09_012,1,MANAGER_MGR_02,REP_00011,44,114
Team_Bridge,MGR_02,TERR_BRAZIL_SAO_PAULO,CUST_09_013,1,MANAGER_MGR_02,REP_00011,44,114
Team_Bridge,MGR_02,TERR_BRAZIL_SAO_PAULO,CUST_09_014,1,MANAGER_MGR_02,REP_00011,44,114
Team_Bridge,MGR_02,TERR_BRAZIL_SAO_PAULO,CUST_09_015,0,MANAGER_MGR_02,REP_00010,39,87
Team_Bridge,MGR_02,TERR_BRAZIL_SAO_PAULO,CUST_09_016,0,MANAGER_MGR_02,REP_00010,39,87
Team_Bridge,MGR_02,TERR_BRAZIL_SAO_PAULO,CUST_09_017,2,MANAGER_MGR_02,REP_00012,74,107
Team_Bridge,MGR_02,TERR_BRAZIL_SAO_PAULO,CUST_09_018,0,MANAGER_MGR_02,REP_00010,39,87
Team_Bridge,MGR_02,TERR_BRAZIL_SAO_PAULO,CUST_09_019,1,MANAGER_MGR_02,REP_00011,44,114
Team_Bridge,MGR_02,TERR_BRAZIL_SAO_PAULO,CUST_09_020,1,MANAGER_MGR_02,REP_00011,44,114
Team_Bridge,MGR_02,TERR_BRAZIL_SAO_PAULO,CUST_09_021,1,MANAGER_MGR_02,REP_00011,44,114
Team_Bridge,MGR_02,TERR_BRAZIL_SAO_PAULO,CUST_09_022,1,MANAGER_MGR_02,REP_00011,44,114
Team_Bridge,MGR_02,TERR_BRAZIL_SAO_PAULO,CUST_09_023,2,MANAGER_MGR_02,REP_00012,74,107
Team_Bridge,MGR_02,TERR_BRAZIL_SAO_PAULO,CUST_09_024,1,MANAGER_MGR_02,REP_00011,44,114
Team_Bridge,MGR_02,TERR_BRAZIL_SAO_PAULO,CUST_09_025,0,MANAGER_MGR_02,REP_00010,39,87
Team_Bridge,MGR_02,TERR_BRAZIL_SAO_PAULO,CUST_09_026,1,MANAGER_MGR_02,REP_00011,44,114
Team_Bridge,MGR_02,TERR_BRAZIL_SAO_PAULO,CUST_09_027,0,MANAGER_MGR_02,REP_00010,39,87
Team_Bridge,MGR_02,TERR_BRAZIL_SAO_PAULO,CUST_09_028,1,MANAGER_MGR_02,REP_00011,44,114
Team_Bridge,MGR_02,TERR_BRAZIL_SAO_PAULO,CUST_09_029,2,MANAGER_MGR_02,REP_00012,74,107
Team_Bridge,MGR_02,TERR_BRAZIL_SAO_PAULO,CUST_09_030,2,MANAGER_MGR_02,REP_00012,74,107
Team_Bridge,MGR_02,TERR_BRAZIL_SAO_PAULO,CUST_09_031,0,MANAGER_MGR_02,REP_00010,39,87
Team_Bridge,MGR_02,TERR_BRAZIL_SAO_PAULO,CUST_09_032,0,MANAGER_MGR_02,REP_00010,39,87
Team_Bridge,MGR_02,TERR_BRAZIL_SAO_PAULO,CUST_09_033,1,MANAGER_MGR_02,REP_00011,44,114
Team_Bridge,MGR_02,TERR_BRAZIL_SAO_PAULO,CUST_09_034,2,MANAGER_MGR_02,REP_00012,74,107
Team_Bridge,MGR_02,TERR_BRAZIL_SAO_PAULO,CUST_09_035,2,MANAGER_MGR_02,REP_00012,74,107
Team_Bridge,MGR_02,TERR_BRAZIL_SAO_PAULO,CUST_09_036,2,MANAGER_MGR_02,REP_00012,74,107
Team_Bridge,MGR_02,TERR_BRAZIL_SAO_PAULO,CUST_09_037,2,MANAGER_MGR_02,REP_00012,74,107
Team_Bridge,MGR_02,TERR_BRAZIL_SAO_PAULO,CUST_09_038,1,MANAGER_MGR_02,REP_00011,44,114
Team_Bridge,MGR_02,TERR_BRAZIL_SAO_PAULO,CUST_09_039,1,MANAGER_MGR_02,REP_00011,44,114
Team_Bridge,MGR_02,TERR_BRAZIL_SAO_PAULO,CUST_09_040,2,MANAGER_MGR_02,REP_00012,74,107
Team_Bridge,MGR_02,TERR_BRAZIL_SAO_PAULO,CUST_09_041,0,MANAGER_MGR_02,REP_00010,39,87
Team_Bridge,MGR_02,TERR_BRAZIL_SAO_PAULO,CUST_09_042,0,MANAGER_MGR_02,REP_00010,39,87
Team_Bridge,MGR_02,TERR_BRAZIL_SAO_PAULO,CUST_09_043,1,MANAGER_MGR_02,REP_00011,44,114
Team_Bridge,MGR_02,TERR_BRAZIL_SAO_PAULO,CUST_09_044,0,MANAGER_MGR_02,REP_00010,39,87
Team_Bridge,MGR_02,TERR_BRAZIL_SAO_PAULO,CUST_09_045,2,MANAGER_MGR_02,REP_00012,74,107
Team_Bridge,MGR_02,TERR_INDIA_DELHI,CUST_01_001,1,MANAGER_MGR_02,REP_00014,6,118
Team_Bridge,MGR_02,TERR_INDIA_DELHI,CUST_01_002,0,MANAGER_MGR_02,REP_00013,32,116
Team_Bridge,MGR_02,TERR_INDIA_DELHI,CUST_01_003,0,MANAGER_MGR_02,REP_00013,32,116
Team_Bridge,MGR_02,TERR_INDIA_DELHI,CUST_01_004,2,MANAGER_MGR_02,REP_00015,104,88
Team_Bridge,MGR_02,TERR_INDIA_DELHI,CUST_01_005,0,MANAGER_MGR_02,REP_00013,32,116
Team_Bridge,MGR_02,TERR_INDIA_DELHI,CUST_01_006,2,MANAGER_MGR_02,REP_00015,104,88
Team_Bridge,MGR_02,TERR_INDIA_DELHI,CUST_01_007,2,MANAGER_MGR_02,REP_00015,104,88
Team_Bridge,MGR_02,TERR_INDIA_DELHI,CUST_01_008,0,MANAGER_MGR_02,REP_00013,32,116
Team_Bridge,MGR_02,TERR_INDIA_DELHI,CUST_01_009,2,MANAGER_MGR_02,REP_00015,104,88
Team_Bridge,MGR_02,TERR_INDIA_DELHI,CUST_01_010,0,MANAGER_MGR_02,REP_00013,32,116
Team_Bridge,MGR_02,TERR_INDIA_DELHI,CUST_01_011,2,MANAGER_MGR_02,REP_00015,104,88
Team_Bridge,MGR_02,TERR_INDIA_DELHI,CUST_01_012,1,MANAGER_MGR_02,REP_00014,6,118
Team_Bridge,MGR_02,TERR_INDIA_DELHI,CUST_01_013,2,MANAGER_MGR_02,REP_00015,104,88
Team_Bridge,MGR_02,TERR_INDIA_DELHI,CUST_01_014,1,MANAGER_MGR_02,REP_00014,6,118
Team_Bridge,MGR_02,TERR_INDIA_DELHI,CUST_01_015,0,MANAGER_MGR_02,REP_00013,32,116
Team_Bridge,MGR_02,TERR_INDIA_DELHI,CUST_01_016,1,MANAGER_MGR_02,REP_00014,6,118
Team_Bridge,MGR_02,TERR_INDIA_DELHI,CUST_01_017,2,MANAGER_MGR_02,REP_00015,104,88
Team_Bridge,MGR_02,TERR_INDIA_DELHI,CUST_01_018,1,MANAGER_MGR_02,REP_00014,6,118
Team_Bridge,MGR_02,TERR_INDIA_DELHI,CUST_01_019,0,MANAGER_MGR_02,REP_00013,32,116
Team_Bridge,MGR_02,TERR_INDIA_DELHI,CUST_01_020,2,MANAGER_MGR_02,REP_00015,104,88
Team_Bridge,MGR_02,TERR_INDIA_DELHI,CUST_01_021,0,MANAGER_MGR_02,REP_00013,32,116
Team_Bridge,MGR_02,TERR_INDIA_DELHI,CUST_01_022,1,MANAGER_MGR_02,REP_00014,6,118
Team_Bridge,MGR_02,TERR_INDIA_DELHI,CUST_01_023,2,MANAGER_MGR_02,REP_00015,104,88
Team_Bridge,MGR_02,TERR_INDIA_DELHI,CUST_01_024,2,MANAGER_MGR_02,REP_00015,104,88
Team_Bridge,MGR_02,TERR_INDIA_DELHI,CUST_01_025,1,MANAGER_MGR_02,REP_00014,6,118
Team_Bridge,MGR_02,TERR_INDIA_DELHI,CUST_01_026,1,MANAGER_MGR_02,REP_00014,6,118
Team_Bridge,MGR_02,TERR_INDIA_DELHI,CUST_01_027,2,MANAGER_MGR_02,REP_00015,104,88
Team_Bridge,MGR_02,TERR_INDIA_DELHI,CUST_01_028,1,MANAGER_MGR_02,REP_00014,6,118
Team_Bridge,MGR_02,TERR_INDIA_DELHI,CUST_01_029,0,MANAGER_MGR_02,REP_00013,32,116
Team_Bridge,MGR_02,TERR_INDIA_DELHI,CUST_01_030,0,MANAGER_MGR_02,REP_00013,32,116
Team_Bridge,MGR_02,TERR_INDIA_DELHI,CUST_01_031,1,MANAGER_MGR_02,REP_00014,6,118
Team_Bridge,MGR_02,TERR_INDIA_DELHI,CUST_01_032,2,MANAGER_MGR_02,REP_00015,104,88
Team_Bridge,MGR_02,TERR_INDIA_DELHI,CUST_01_033,1,MANAGER_MGR_02,REP_00014,6,118
Team_Bridge,MGR_02,TERR_INDIA_DELHI,CUST_01_034,1,MANAGER_MGR_02,REP_00014,6,118
Team_Bridge,MGR_02,TERR_INDIA_DELHI,CUST_01_035,1,MANAGER_MGR_02,REP_00014,6,118
Team_Bridge,MGR_02,TERR_INDIA_DELHI,CUST_01_036,1,MANAGER_MGR_02,REP_00014,6,118
Team_Bridge,MGR_02,TERR_INDIA_DELHI,CUST_01_037,0,MANAGER_MGR_02,REP_00013,32,116
Team_Bridge,MGR_02,TERR_INDIA_DELHI,CUST_01_038,2,MANAGER_MGR_02,REP_00015,104,88
Team_Bridge,MGR_02,TERR_INDIA_DELHI,CUST_01_039,0,MANAGER_MGR_02,REP_00013,32,116
Team_Bridge,MGR_02,TERR_INDIA_DELHI,CUST_01_040,0,MANAGER_MGR_02,REP_00013,32,116
Team_Bridge,MGR_02,TERR_INDIA_DELHI,CUST_01_041,1,MANAGER_MGR_02,REP_00014,6,118
Team_Bridge,MGR_02,TERR_INDIA_DELHI,CUST_01_042,0,MANAGER_MGR_02,REP_00013,32,116
Team_Bridge,MGR_02,TERR_INDIA_DELHI,CUST_01_043,0,MANAGER_MGR_02,REP_00013,32,116
Team_Bridge,MGR_02,TERR_INDIA_DELHI,CUST_01_044,2,MANAGER_MGR_02,REP_00015,104,88
Team_Bridge,MGR_02,TERR_INDIA_DELHI,CUST_01_045,0,MANAGER_MGR_02,REP_00013,32,116
Team_Bridge,MGR_06,TERR_UNITED_KINGDOM_BIRMINGHAM,CUST_05_001,0,MANAGER_MGR_06,REP_00016,96,92
Team_Bridge,MGR_06,TERR_UNITED_KINGDOM_BIRMINGHAM,CUST_05_002,2,MANAGER_MGR_06,REP_00018,114,108
Team_Bridge,MGR_06,TERR_UNITED_KINGDOM_BIRMINGHAM,CUST_05_003,0,MANAGER_MGR_06,REP_00016,96,92
Team_Bridge,MGR_06,TERR_UNITED_KINGDOM_BIRMINGHAM,CUST_05_004,0,MANAGER_MGR_06,REP_00016,96,92
Team_Bridge,MGR_06,TERR_UNITED_KINGDOM_BIRMINGHAM,CUST_05_005,2,MANAGER_MGR_06,REP_00018,114,108
Team_Bridge,MGR_06,TERR_UNITED_KINGDOM_BIRMINGHAM,CUST_05_006,2,MANAGER_MGR_06,REP_00018,114,108
Team_Bridge,MGR_06,TERR_UNITED_KINGDOM_BIRMINGHAM,CUST_05_007,0,MANAGER_MGR_06,REP_00016,96,92
Team_Bridge,MGR_06,TERR_UNITED_KINGDOM_BIRMINGHAM,CUST_05_008,0,MANAGER_MGR_06,REP_00016,96,92
Team_Bridge,MGR_06,TERR_UNITED_KINGDOM_BIRMINGHAM,CUST_05_009,1,MANAGER_MGR_06,REP_00017,97,96
Team_Bridge,MGR_06,TERR_UNITED_KINGDOM_BIRMINGHAM,CUST_05_010,0,MANAGER_MGR_06,REP_00016,96,92
Team_Bridge,MGR_06,TERR_UNITED_KINGDOM_BIRMINGHAM,CUST_05_011,1,MANAGER_MGR_06,REP_00017,97,96
Team_Bridge,MGR_06,TERR_UNITED_KINGDOM_BIRMINGHAM,CUST_05_012,1,MANAGER_MGR_06,REP_00017,97,96
Team_Bridge,MGR_06,TERR_UNITED_KINGDOM_BIRMINGHAM,CUST_05_013,2,MANAGER_MGR_06,REP_00018,114,108
Team_Bridge,MGR_06,TERR_UNITED_KINGDOM_BIRMINGHAM,CUST_05_014,2,MANAGER_MGR_06,REP_00018,114,108
Team_Bridge,MGR_06,TERR_UNITED_KINGDOM_BIRMINGHAM,CUST_05_015,1,MANAGER_MGR_06,REP_00017,97,96
Team_Bridge,MGR_06,TERR_UNITED_KINGDOM_BIRMINGHAM,CUST_05_016,1,MANAGER_MGR_06,REP_00017,97,96
Team_Bridge,MGR_06,TERR_UNITED_KINGDOM_BIRMINGHAM,CUST_05_017,2,MANAGER_MGR_06,REP_00018,114,108
Team_Bridge,MGR_06,TERR_UNITED_KINGDOM_BIRMINGHAM,CUST_05_018,0,MANAGER_MGR_06,REP_00016,96,92
Team_Bridge,MGR_06,TERR_UNITED_KINGDOM_BIRMINGHAM,CUST_05_019,2,MANAGER_MGR_06,REP_00018,114,108
Team_Bridge,MGR_06,TERR_UNITED_KINGDOM_BIRMINGHAM,CUST_05_020,1,MANAGER_MGR_06,REP_00017,97,96
Team_Bridge,MGR_06,TERR_UNITED_KINGDOM_BIRMINGHAM,CUST_05_021,1,MANAGER_MGR_06,REP_00017,97,96
Team_Bridge,MGR_06,TERR_UNITED_KINGDOM_BIRMINGHAM,CUST_05_022,2,MANAGER_MGR_06,REP_00018,114,108
Team_Bridge,MGR_06,TERR_UNITED_KINGDOM_BIRMINGHAM,CUST_05_023,1,MANAGER_MGR_06,REP_00017,97,96
Team_Bridge,MGR_06,TERR_UNITED_KINGDOM_BIRMINGHAM,CUST_05_024,1,MANAGER_MGR_06,REP_00017,97,96
Team_Bridge,MGR_06,TERR_UNITED_KINGDOM_BIRMINGHAM,CUST_05_025,1,MANAGER_MGR_06,REP_00017,97,96
Team_Bridge,MGR_06,TERR_UNITED_KINGDOM_BIRMINGHAM,CUST_05_026,2,MANAGER_MGR_06,REP_00018,114,108
Team_Bridge,MGR_06,TERR_UNITED_KINGDOM_BIRMINGHAM,CUST_05_027,0,MANAGER_MGR_06,REP_00016,96,92
Team_Bridge,MGR_06,TERR_UNITED_KINGDOM_BIRMINGHAM,CUST_05_028,2,MANAGER_MGR_06,REP_00018,114,108
Team_Bridge,MGR_06,TERR_UNITED_KINGDOM_BIRMINGHAM,CUST_05_029,2,MANAGER_MGR_06,REP_00018,114,108
Team_Bridge,MGR_06,TERR_UNITED_KINGDOM_BIRMINGHAM,CUST_05_030,0,MANAGER_MGR_06,REP_00016,96,92
Team_Bridge,MGR_06,TERR_UNITED_KINGDOM_BIRMINGHAM,CUST_05_031,1,MANAGER_MGR_06,REP_00017,97,96
Team_Bridge,MGR_06,TERR_UNITED_KINGDOM_BIRMINGHAM,CUST_05_032,1,MANAGER_MGR_06,REP_00017,97,96
Team_Bridge,MGR_06,TERR_UNITED_KINGDOM_BIRMINGHAM,CUST_05_033,0,MANAGER_MGR_06,REP_00016,96,92
Team_Bridge,MGR_06,TERR_UNITED_KINGDOM_BIRMINGHAM,CUST_05_034,2,MANAGER_MGR_06,REP_00018,114,108
Team_Bridge,MGR_06,TERR_UNITED_KINGDOM_BIRMINGHAM,CUST_05_035,2,MANAGER_MGR_06,REP_00018,114,108
Team_Bridge,MGR_06,TERR_UNITED_KINGDOM_BIRMINGHAM,CUST_05_036,2,MANAGER_MGR_06,REP_00018,114,108
Team_Bridge,MGR_06,TERR_UNITED_KINGDOM_BIRMINGHAM,CUST_05_037,1,MANAGER_MGR_06,REP_00017,97,96
Team_Bridge,MGR_06,TERR_UNITED_KINGDOM_BIRMINGHAM,CUST_05_038,1,MANAGER_MGR_06,REP_00017,97,96
Team_Bridge,MGR_06,TERR_UNITED_KINGDOM_BIRMINGHAM,CUST_05_039,0,MANAGER_MGR_06,REP_00016,96,92
Team_Bridge,MGR_06,TERR_UNITED_KINGDOM_BIRMINGHAM,CUST_05_040,2,MANAGER_MGR_06,REP_00018,114,108
Team_Bridge,MGR_06,TERR_UNITED_KINGDOM_BIRMINGHAM,CUST_05_041,1,MANAGER_MGR_06,REP_00017,97,96
Team_Bridge,MGR_06,TERR_UNITED_KINGDOM_BIRMINGHAM,CUST_05_042,0,MANAGER_MGR_06,REP_00016,96,92
Team_Bridge,MGR_06,TERR_UNITED_KINGDOM_BIRMINGHAM,CUST_05_043,1,MANAGER_MGR_06,REP_00017,97,96
Team_Bridge,MGR_06,TERR_UNITED_KINGDOM_BIRMINGHAM,CUST_05_044,0,MANAGER_MGR_06,REP_00016,96,92
Team_Bridge,MGR_06,TERR_UNITED_KINGDOM_BIRMINGHAM,CUST_05_045,0,MANAGER_MGR_06,REP_00016,96,92
Team_Catalyst,MGR_03,TERR_BRAZIL_RIO_DE_JANEIRO,CUST_10_001,0,MANAGER_MGR_03,REP_00019,90,96
Team_Catalyst,MGR_03,TERR_BRAZIL_RIO_DE_JANEIRO,CUST_10_002,0,MANAGER_MGR_03,REP_00019,90,96
Team_Catalyst,MGR_03,TERR_BRAZIL_RIO_DE_JANEIRO,CUST_10_003,2,MANAGER_MGR_03,REP_00021,91,92
Team_Catalyst,MGR_03,TERR_BRAZIL_RIO_DE_JANEIRO,CUST_10_004,1,MANAGER_MGR_03,REP_00020,19,106
Team_Catalyst,MGR_03,TERR_BRAZIL_RIO_DE_JANEIRO,CUST_10_005,0,MANAGER_MGR_03,REP_00019,90,96
Team_Catalyst,MGR_03,TERR_BRAZIL_RIO_DE_JANEIRO,CUST_10_006,2,MANAGER_MGR_03,REP_00021,91,92
Team_Catalyst,MGR_03,TERR_BRAZIL_RIO_DE_JANEIRO,CUST_10_007,1,MANAGER_MGR_03,REP_00020,19,106
Team_Catalyst,MGR_03,TERR_BRAZIL_RIO_DE_JANEIRO,CUST_10_008,1,MANAGER_MGR_03,REP_00020,19,106
Team_Catalyst,MGR_03,TERR_BRAZIL_RIO_DE_JANEIRO,CUST_10_009,0,MANAGER_MGR_03,REP_00019,90,96
Team_Catalyst,MGR_03,TERR_BRAZIL_RIO_DE_JANEIRO,CUST_10_010,2,MANAGER_MGR_03,REP_00021,91,92
Team_Catalyst,MGR_03,TERR_BRAZIL_RIO_DE_JANEIRO,CUST_10_011,2,MANAGER_MGR_03,REP_00021,91,92
Team_Catalyst,MGR_03,TERR_BRAZIL_RIO_DE_JANEIRO,CUST_10_012,1,MANAGER_MGR_03,REP_00020,19,106
Team_Catalyst,MGR_03,TERR_BRAZIL_RIO_DE_JANEIRO,CUST_10_013,1,MANAGER_MGR_03,REP_00020,19,106
Team_Catalyst,MGR_03,TERR_BRAZIL_RIO_DE_JANEIRO,CUST_10_014,0,MANAGER_MGR_03,REP_00019,90,96
Team_Catalyst,MGR_03,TERR_BRAZIL_RIO_DE_JANEIRO,CUST_10_015,1,MANAGER_MGR_03,REP_00020,19,106
Team_Catalyst,MGR_03,TERR_BRAZIL_RIO_DE_JANEIRO,CUST_10_016,1,MANAGER_MGR_03,REP_00020,19,106
Team_Catalyst,MGR_03,TERR_BRAZIL_RIO_DE_JANEIRO,CUST_10_017,1,MANAGER_MGR_03,REP_00020,19,106
Team_Catalyst,MGR_03,TERR_BRAZIL_RIO_DE_JANEIRO,CUST_10_018,2,MANAGER_MGR_03,REP_00021,91,92
Team_Catalyst,MGR_03,TERR_BRAZIL_RIO_DE_JANEIRO,CUST_10_019,2,MANAGER_MGR_03,REP_00021,91,92
Team_Catalyst,MGR_03,TERR_BRAZIL_RIO_DE_JANEIRO,CUST_10_020,1,MANAGER_MGR_03,REP_00020,19,106
Team_Catalyst,MGR_03,TERR_BRAZIL_RIO_DE_JANEIRO,CUST_10_021,0,MANAGER_MGR_03,REP_00019,90,96
Team_Catalyst,MGR_03,TERR_BRAZIL_RIO_DE_JANEIRO,CUST_10_022,0,MANAGER_MGR_03,REP_00019,90,96
Team_Catalyst,MGR_03,TERR_BRAZIL_RIO_DE_JANEIRO,CUST_10_023,0,MANAGER_MGR_03,REP_00019,90,96
Team_Catalyst,MGR_03,TERR_BRAZIL_RIO_DE_JANEIRO,CUST_10_024,0,MANAGER_MGR_03,REP_00019,90,96
Team_Catalyst,MGR_03,TERR_BRAZIL_RIO_DE_JANEIRO,CUST_10_025,2,MANAGER_MGR_03,REP_00021,91,92
Team_Catalyst,MGR_03,TERR_BRAZIL_RIO_DE_JANEIRO,CUST_10_026,2,MANAGER_MGR_03,REP_00021,91,92
Team_Catalyst,MGR_03,TERR_BRAZIL_RIO_DE_JANEIRO,CUST_10_027,1,MANAGER_MGR_03,REP_00020,19,106
Team_Catalyst,MGR_03,TERR_BRAZIL_RIO_DE_JANEIRO,CUST_10_028,2,MANAGER_MGR_03,REP_00021,91,92
Team_Catalyst,MGR_03,TERR_BRAZIL_RIO_DE_JANEIRO,CUST_10_029,0,MANAGER_MGR_03,REP_00019,90,96
Team_Catalyst,MGR_03,TERR_BRAZIL_RIO_DE_JANEIRO,CUST_10_030,1,MANAGER_MGR_03,REP_00020,19,106
Team_Catalyst,MGR_03,TERR_BRAZIL_RIO_DE_JANEIRO,CUST_10_031,1,MANAGER_MGR_03,REP_00020,19,106
Team_Catalyst,MGR_03,TERR_BRAZIL_RIO_DE_JANEIRO,CUST_10_032,1,MANAGER_MGR_03,REP_00020,19,106
Team_Catalyst,MGR_03,TERR_BRAZIL_RIO_DE_JANEIRO,CUST_10_033,0,MANAGER_MGR_03,REP_00019,90,96
Team_Catalyst,MGR_03,TERR_BRAZIL_RIO_DE_JANEIRO,CUST_10_034,1,MANAGER_MGR_03,REP_00020,19,106
Team_Catalyst,MGR_03,TERR_BRAZIL_RIO_DE_JANEIRO,CUST_10_035,0,MANAGER_MGR_03,REP_00019,90,96
Team_Catalyst,MGR_03,TERR_BRAZIL_RIO_DE_JANEIRO,CUST_10_036,0,MANAGER_MGR_03,REP_00019,90,96
Team_Catalyst,MGR_03,TERR_BRAZIL_RIO_DE_JANEIRO,CUST_10_037,0,MANAGER_MGR_03,REP_00019,90,96
Team_Catalyst,MGR_03,TERR_BRAZIL_RIO_DE_JANEIRO,CUST_10_038,1,MANAGER_MGR_03,REP_00020,19,106
Team_Catalyst,MGR_03,TERR_BRAZIL_RIO_DE_JANEIRO,CUST_10_039,0,MANAGER_MGR_03,REP_00019,90,96
Team_Catalyst,MGR_03,TERR_BRAZIL_RIO_DE_JANEIRO,CUST_10_040,2,MANAGER_MGR_03,REP_00021,91,92
Team_Catalyst,MGR_03,TERR_BRAZIL_RIO_DE_JANEIRO,CUST_10_041,0,MANAGER_MGR_03,REP_00019,90,96
Team_Catalyst,MGR_03,TERR_BRAZIL_RIO_DE_JANEIRO,CUST_10_042,2,MANAGER_MGR_03,REP_00021,91,92
Team_Catalyst,MGR_03,TERR_BRAZIL_RIO_DE_JANEIRO,CUST_10_043,0,MANAGER_MGR_03,REP_00019,90,96
Team_Catalyst,MGR_03,TERR_BRAZIL_RIO_DE_JANEIRO,CUST_10_044,2,MANAGER_MGR_03,REP_00021,91,92
Team_Catalyst,MGR_03,TERR_BRAZIL_RIO_DE_JANEIRO,CUST_10_045,0,MANAGER_MGR_03,REP_00019,90,96
Team_Catalyst,MGR_03,TERR_INDIA_BENGALURU,CUST_02_001,0,MANAGER_MGR_03,REP_00022,60,104
Team_Catalyst,MGR_03,TERR_INDIA_BENGALURU,CUST_02_002,0,MANAGER_MGR_03,REP_00022,60,104
Team_Catalyst,MGR_03,TERR_INDIA_BENGALURU,CUST_02_003,2,MANAGER_MGR_03,REP_00024,57,101
Team_Catalyst,MGR_03,TERR_INDIA_BENGALURU,CUST_02_004,1,MANAGER_MGR_03,REP_00023,33,87
Team_Catalyst,MGR_03,TERR_INDIA_BENGALURU,CUST_02_005,1,MANAGER_MGR_03,REP_00023,33,87
Team_Catalyst,MGR_03,TERR_INDIA_BENGALURU,CUST_02_006,1,MANAGER_MGR_03,REP_00023,33,87
Team_Catalyst,MGR_03,TERR_INDIA_BENGALURU,CUST_02_007,2,MANAGER_MGR_03,REP_00024,57,101
Team_Catalyst,MGR_03,TERR_INDIA_BENGALURU,CUST_02_008,0,MANAGER_MGR_03,REP_00022,60,104
Team_Catalyst,MGR_03,TERR_INDIA_BENGALURU,CUST_02_009,0,MANAGER_MGR_03,REP_00022,60,104
Team_Catalyst,MGR_03,TERR_INDIA_BENGALURU,CUST_02_010,2,MANAGER_MGR_03,REP_00024,57,101
Team_Catalyst,MGR_03,TERR_INDIA_BENGALURU,CUST_02_011,2,MANAGER_MGR_03,REP_00024,57,101
Team_Catalyst,MGR_03,TERR_INDIA_BENGALURU,CUST_02_012,0,MANAGER_MGR_03,REP_00022,60,104
Team_Catalyst,MGR_03,TERR_INDIA_BENGALURU,CUST_02_013,2,MANAGER_MGR_03,REP_00024,57,101
Team_Catalyst,MGR_03,TERR_INDIA_BENGALURU,CUST_02_014,2,MANAGER_MGR_03,REP_00024,57,101
Team_Catalyst,MGR_03,TERR_INDIA_BENGALURU,CUST_02_015,2,MANAGER_MGR_03,REP_00024,57,101
Team_Catalyst,MGR_03,TERR_INDIA_BENGALURU,CUST_02_016,0,MANAGER_MGR_03,REP_00022,60,104
Team_Catalyst,MGR_03,TERR_INDIA_BENGALURU,CUST_02_017,2,MANAGER_MGR_03,REP_00024,57,101
Team_Catalyst,MGR_03,TERR_INDIA_BENGALURU,CUST_02_018,1,MANAGER_MGR_03,REP_00023,33,87
Team_Catalyst,MGR_03,TERR_INDIA_BENGALURU,CUST_02_019,2,MANAGER_MGR_03,REP_00024,57,101
Team_Catalyst,MGR_03,TERR_INDIA_BENGALURU,CUST_02_020,0,MANAGER_MGR_03,REP_00022,60,104
Team_Catalyst,MGR_03,TERR_INDIA_BENGALURU,CUST_02_021,1,MANAGER_MGR_03,REP_00023,33,87
Team_Catalyst,MGR_03,TERR_INDIA_BENGALURU,CUST_02_022,0,MANAGER_MGR_03,REP_00022,60,104
Team_Catalyst,MGR_03,TERR_INDIA_BENGALURU,CUST_02_023,2,MANAGER_MGR_03,REP_00024,57,101
Team_Catalyst,MGR_03,TERR_INDIA_BENGALURU,CUST_02_024,0,MANAGER_MGR_03,REP_00022,60,104
Team_Catalyst,MGR_03,TERR_INDIA_BENGALURU,CUST_02_025,2,MANAGER_MGR_03,REP_00024,57,101
Team_Catalyst,MGR_03,TERR_INDIA_BENGALURU,CUST_02_026,2,MANAGER_MGR_03,REP_00024,57,101
Team_Catalyst,MGR_03,TERR_INDIA_BENGALURU,CUST_02_027,0,MANAGER_MGR_03,REP_00022,60,104
Team_Catalyst,MGR_03,TERR_INDIA_BENGALURU,CUST_02_028,0,MANAGER_MGR_03,REP_00022,60,104
Team_Catalyst,MGR_03,TERR_INDIA_BENGALURU,CUST_02_029,1,MANAGER_MGR_03,REP_00023,33,87
Team_Catalyst,MGR_03,TERR_INDIA_BENGALURU,CUST_02_030,1,MANAGER_MGR_03,REP_00023,33,87
Team_Catalyst,MGR_03,TERR_INDIA_BENGALURU,CUST_02_031,2,MANAGER_MGR_03,REP_00024,57,101
Team_Catalyst,MGR_03,TERR_INDIA_BENGALURU,CUST_02_032,1,MANAGER_MGR_03,REP_00023,33,87
Team_Catalyst,MGR_03,TERR_INDIA_BENGALURU,CUST_02_033,2,MANAGER_MGR_03,REP_00024,57,101
Team_Catalyst,MGR_03,TERR_INDIA_BENGALURU,CUST_02_034,2,MANAGER_MGR_03,REP_00024,57,101
Team_Catalyst,MGR_03,TERR_INDIA_BENGALURU,CUST_02_035,2,MANAGER_MGR_03,REP_00024,57,101
Team_Catalyst,MGR_03,TERR_INDIA_BENGALURU,CUST_02_036,0,MANAGER_MGR_03,REP_00022,60,104
Team_Catalyst,MGR_03,TERR_INDIA_BENGALURU,CUST_02_037,0,MANAGER_MGR_03,REP_00022,60,104
Team_Catalyst,MGR_03,TERR_INDIA_BENGALURU,CUST_02_038,0,MANAGER_MGR_03,REP_00022,60,104
Team_Catalyst,MGR_03,TERR_INDIA_BENGALURU,CUST_02_039,1,MANAGER_MGR_03,REP_00023,33,87
Team_Catalyst,MGR_03,TERR_INDIA_BENGALURU,CUST_02_040,0,MANAGER_MGR_03,REP_00022,60,104
Team_Catalyst,MGR_03,TERR_INDIA_BENGALURU,CUST_02_041,1,MANAGER_MGR_03,REP_00023,33,87
Team_Catalyst,MGR_03,TERR_INDIA_BENGALURU,CUST_02_042,2,MANAGER_MGR_03,REP_00024,57,101
Team_Catalyst,MGR_03,TERR_INDIA_BENGALURU,CUST_02_043,0,MANAGER_MGR_03,REP_00022,60,104
Team_Catalyst,MGR_03,TERR_INDIA_BENGALURU,CUST_02_044,0,MANAGER_MGR_03,REP_00022,60,104
Team_Catalyst,MGR_03,TERR_INDIA_BENGALURU,CUST_02_045,2,MANAGER_MGR_03,REP_00024,57,101
Team_Catalyst,MGR_07,TERR_UNITED_STATES_NEW_YORK,CUST_06_001,2,MANAGER_MGR_07,REP_00027,43,87
Team_Catalyst,MGR_07,TERR_UNITED_STATES_NEW_YORK,CUST_06_002,1,MANAGER_MGR_07,REP_00026,84,114
Team_Catalyst,MGR_07,TERR_UNITED_STATES_NEW_YORK,CUST_06_003,0,MANAGER_MGR_07,REP_00025,10,98
Team_Catalyst,MGR_07,TERR_UNITED_STATES_NEW_YORK,CUST_06_004,2,MANAGER_MGR_07,REP_00027,43,87
Team_Catalyst,MGR_07,TERR_UNITED_STATES_NEW_YORK,CUST_06_005,0,MANAGER_MGR_07,REP_00025,10,98
Team_Catalyst,MGR_07,TERR_UNITED_STATES_NEW_YORK,CUST_06_006,2,MANAGER_MGR_07,REP_00027,43,87
Team_Catalyst,MGR_07,TERR_UNITED_STATES_NEW_YORK,CUST_06_007,2,MANAGER_MGR_07,REP_00027,43,87
Team_Catalyst,MGR_07,TERR_UNITED_STATES_NEW_YORK,CUST_06_008,0,MANAGER_MGR_07,REP_00025,10,98
Team_Catalyst,MGR_07,TERR_UNITED_STATES_NEW_YORK,CUST_06_009,2,MANAGER_MGR_07,REP_00027,43,87
Team_Catalyst,MGR_07,TERR_UNITED_STATES_NEW_YORK,CUST_06_010,2,MANAGER_MGR_07,REP_00027,43,87
Team_Catalyst,MGR_07,TERR_UNITED_STATES_NEW_YORK,CUST_06_011,0,MANAGER_MGR_07,REP_00025,10,98
Team_Catalyst,MGR_07,TERR_UNITED_STATES_NEW_YORK,CUST_06_012,0,MANAGER_MGR_07,REP_00025,10,98
Team_Catalyst,MGR_07,TERR_UNITED_STATES_NEW_YORK,CUST_06_013,1,MANAGER_MGR_07,REP_00026,84,114
Team_Catalyst,MGR_07,TERR_UNITED_STATES_NEW_YORK,CUST_06_014,0,MANAGER_MGR_07,REP_00025,10,98
Team_Catalyst,MGR_07,TERR_UNITED_STATES_NEW_YORK,CUST_06_015,0,MANAGER_MGR_07,REP_00025,10,98
Team_Catalyst,MGR_07,TERR_UNITED_STATES_NEW_YORK,CUST_06_016,2,MANAGER_MGR_07,REP_00027,43,87
Team_Catalyst,MGR_07,TERR_UNITED_STATES_NEW_YORK,CUST_06_017,2,MANAGER_MGR_07,REP_00027,43,87
Team_Catalyst,MGR_07,TERR_UNITED_STATES_NEW_YORK,CUST_06_018,2,MANAGER_MGR_07,REP_00027,43,87
Team_Catalyst,MGR_07,TERR_UNITED_STATES_NEW_YORK,CUST_06_019,1,MANAGER_MGR_07,REP_00026,84,114
Team_Catalyst,MGR_07,TERR_UNITED_STATES_NEW_YORK,CUST_06_020,1,MANAGER_MGR_07,REP_00026,84,114
Team_Catalyst,MGR_07,TERR_UNITED_STATES_NEW_YORK,CUST_06_021,0,MANAGER_MGR_07,REP_00025,10,98
Team_Catalyst,MGR_07,TERR_UNITED_STATES_NEW_YORK,CUST_06_022,2,MANAGER_MGR_07,REP_00027,43,87
Team_Catalyst,MGR_07,TERR_UNITED_STATES_NEW_YORK,CUST_06_023,2,MANAGER_MGR_07,REP_00027,43,87
Team_Catalyst,MGR_07,TERR_UNITED_STATES_NEW_YORK,CUST_06_024,1,MANAGER_MGR_07,REP_00026,84,114
Team_Catalyst,MGR_07,TERR_UNITED_STATES_NEW_YORK,CUST_06_025,2,MANAGER_MGR_07,REP_00027,43,87
Team_Catalyst,MGR_07,TERR_UNITED_STATES_NEW_YORK,CUST_06_026,2,MANAGER_MGR_07,REP_00027,43,87
Team_Catalyst,MGR_07,TERR_UNITED_STATES_NEW_YORK,CUST_06_027,0,MANAGER_MGR_07,REP_00025,10,98
Team_Catalyst,MGR_07,TERR_UNITED_STATES_NEW_YORK,CUST_06_028,0,MANAGER_MGR_07,REP_00025,10,98
Team_Catalyst,MGR_07,TERR_UNITED_STATES_NEW_YORK,CUST_06_029,1,MANAGER_MGR_07,REP_00026,84,114
Team_Catalyst,MGR_07,TERR_UNITED_STATES_NEW_YORK,CUST_06_030,1,MANAGER_MGR_07,REP_00026,84,114
Team_Catalyst,MGR_07,TERR_UNITED_STATES_NEW_YORK,CUST_06_031,1,MANAGER_MGR_07,REP_00026,84,114
Team_Catalyst,MGR_07,TERR_UNITED_STATES_NEW_YORK,CUST_06_032,1,MANAGER_MGR_07,REP_00026,84,114
Team_Catalyst,MGR_07,TERR_UNITED_STATES_NEW_YORK,CUST_06_033,0,MANAGER_MGR_07,REP_00025,10,98
Team_Catalyst,MGR_07,TERR_UNITED_STATES_NEW_YORK,CUST_06_034,0,MANAGER_MGR_07,REP_00025,10,98
Team_Catalyst,MGR_07,TERR_UNITED_STATES_NEW_YORK,CUST_06_035,0,MANAGER_MGR_07,REP_00025,10,98
Team_Catalyst,MGR_07,TERR_UNITED_STATES_NEW_YORK,CUST_06_036,0,MANAGER_MGR_07,REP_00025,10,98
Team_Catalyst,MGR_07,TERR_UNITED_STATES_NEW_YORK,CUST_06_037,1,MANAGER_MGR_07,REP_00026,84,114
Team_Catalyst,MGR_07,TERR_UNITED_STATES_NEW_YORK,CUST_06_038,2,MANAGER_MGR_07,REP_00027,43,87
Team_Catalyst,MGR_07,TERR_UNITED_STATES_NEW_YORK,CUST_06_039,2,MANAGER_MGR_07,REP_00027,43,87
Team_Catalyst,MGR_07,TERR_UNITED_STATES_NEW_YORK,CUST_06_040,2,MANAGER_MGR_07,REP_00027,43,87
Team_Catalyst,MGR_07,TERR_UNITED_STATES_NEW_YORK,CUST_06_041,2,MANAGER_MGR_07,REP_00027,43,87
Team_Catalyst,MGR_07,TERR_UNITED_STATES_NEW_YORK,CUST_06_042,2,MANAGER_MGR_07,REP_00027,43,87
Team_Catalyst,MGR_07,TERR_UNITED_STATES_NEW_YORK,CUST_06_043,0,MANAGER_MGR_07,REP_00025,10,98
Team_Catalyst,MGR_07,TERR_UNITED_STATES_NEW_YORK,CUST_06_044,0,MANAGER_MGR_07,REP_00025,10,98
Team_Catalyst,MGR_07,TERR_UNITED_STATES_NEW_YORK,CUST_06_045,1,MANAGER_MGR_07,REP_00026,84,114
Team_Delta,MGR_04,TERR_BRAZIL_BRASILIA,CUST_11_001,2,MANAGER_MGR_04,REP_00030,83,86
Team_Delta,MGR_04,TERR_BRAZIL_BRASILIA,CUST_11_002,2,MANAGER_MGR_04,REP_00030,83,86
Team_Delta,MGR_04,TERR_BRAZIL_BRASILIA,CUST_11_003,2,MANAGER_MGR_04,REP_00030,83,86
Team_Delta,MGR_04,TERR_BRAZIL_BRASILIA,CUST_11_004,1,MANAGER_MGR_04,REP_00029,7,91
Team_Delta,MGR_04,TERR_BRAZIL_BRASILIA,CUST_11_005,1,MANAGER_MGR_04,REP_00029,7,91
Team_Delta,MGR_04,TERR_BRAZIL_BRASILIA,CUST_11_006,1,MANAGER_MGR_04,REP_00029,7,91
Team_Delta,MGR_04,TERR_BRAZIL_BRASILIA,CUST_11_007,1,MANAGER_MGR_04,REP_00029,7,91
Team_Delta,MGR_04,TERR_BRAZIL_BRASILIA,CUST_11_008,1,MANAGER_MGR_04,REP_00029,7,91
Team_Delta,MGR_04,TERR_BRAZIL_BRASILIA,CUST_11_009,0,MANAGER_MGR_04,REP_00028,110,89
Team_Delta,MGR_04,TERR_BRAZIL_BRASILIA,CUST_11_010,1,MANAGER_MGR_04,REP_00029,7,91
Team_Delta,MGR_04,TERR_BRAZIL_BRASILIA,CUST_11_011,0,MANAGER_MGR_04,REP_00028,110,89
Team_Delta,MGR_04,TERR_BRAZIL_BRASILIA,CUST_11_012,2,MANAGER_MGR_04,REP_00030,83,86
Team_Delta,MGR_04,TERR_BRAZIL_BRASILIA,CUST_11_013,2,MANAGER_MGR_04,REP_00030,83,86
Team_Delta,MGR_04,TERR_BRAZIL_BRASILIA,CUST_11_014,1,MANAGER_MGR_04,REP_00029,7,91
Team_Delta,MGR_04,TERR_BRAZIL_BRASILIA,CUST_11_015,1,MANAGER_MGR_04,REP_00029,7,91
Team_Delta,MGR_04,TERR_BRAZIL_BRASILIA,CUST_11_016,1,MANAGER_MGR_04,REP_00029,7,91
Team_Delta,MGR_04,TERR_BRAZIL_BRASILIA,CUST_11_017,2,MANAGER_MGR_04,REP_00030,83,86
Team_Delta,MGR_04,TERR_BRAZIL_BRASILIA,CUST_11_018,1,MANAGER_MGR_04,REP_00029,7,91
Team_Delta,MGR_04,TERR_BRAZIL_BRASILIA,CUST_11_019,1,MANAGER_MGR_04,REP_00029,7,91
Team_Delta,MGR_04,TERR_BRAZIL_BRASILIA,CUST_11_020,2,MANAGER_MGR_04,REP_00030,83,86
Team_Delta,MGR_04,TERR_BRAZIL_BRASILIA,CUST_11_021,0,MANAGER_MGR_04,REP_00028,110,89
Team_Delta,MGR_04,TERR_BRAZIL_BRASILIA,CUST_11_022,0,MANAGER_MGR_04,REP_00028,110,89
Team_Delta,MGR_04,TERR_BRAZIL_BRASILIA,CUST_11_023,2,MANAGER_MGR_04,REP_00030,83,86
Team_Delta,MGR_04,TERR_BRAZIL_BRASILIA,CUST_11_024,0,MANAGER_MGR_04,REP_00028,110,89
Team_Delta,MGR_04,TERR_BRAZIL_BRASILIA,CUST_11_025,2,MANAGER_MGR_04,REP_00030,83,86
Team_Delta,MGR_04,TERR_BRAZIL_BRASILIA,CUST_11_026,1,MANAGER_MGR_04,REP_00029,7,91
Team_Delta,MGR_04,TERR_BRAZIL_BRASILIA,CUST_11_027,0,MANAGER_MGR_04,REP_00028,110,89
Team_Delta,MGR_04,TERR_BRAZIL_BRASILIA,CUST_11_028,2,MANAGER_MGR_04,REP_00030,83,86
Team_Delta,MGR_04,TERR_BRAZIL_BRASILIA,CUST_11_029,1,MANAGER_MGR_04,REP_00029,7,91
Team_Delta,MGR_04,TERR_BRAZIL_BRASILIA,CUST_11_030,1,MANAGER_MGR_04,REP_00029,7,91
Team_Delta,MGR_04,TERR_BRAZIL_BRASILIA,CUST_11_031,0,MANAGER_MGR_04,REP_00028,110,89
Team_Delta,MGR_04,TERR_BRAZIL_BRASILIA,CUST_11_032,0,MANAGER_MGR_04,REP_00028,110,89
Team_Delta,MGR_04,TERR_BRAZIL_BRASILIA,CUST_11_033,2,MANAGER_MGR_04,REP_00030,83,86
Team_Delta,MGR_04,TERR_BRAZIL_BRASILIA,CUST_11_034,1,MANAGER_MGR_04,REP_00029,7,91
Team_Delta,MGR_04,TERR_BRAZIL_BRASILIA,CUST_11_035,0,MANAGER_MGR_04,REP_00028,110,89
Team_Delta,MGR_04,TERR_BRAZIL_BRASILIA,CUST_11_036,2,MANAGER_MGR_04,REP_00030,83,86
Team_Delta,MGR_04,TERR_BRAZIL_BRASILIA,CUST_11_037,0,MANAGER_MGR_04,REP_00028,110,89
Team_Delta,MGR_04,TERR_BRAZIL_BRASILIA,CUST_11_038,1,MANAGER_MGR_04,REP_00029,7,91
Team_Delta,MGR_04,TERR_BRAZIL_BRASILIA,CUST_11_039,0,MANAGER_MGR_04,REP_00028,110,89
Team_Delta,MGR_04,TERR_BRAZIL_BRASILIA,CUST_11_040,0,MANAGER_MGR_04,REP_00028,110,89
Team_Delta,MGR_04,TERR_BRAZIL_BRASILIA,CUST_11_041,1,MANAGER_MGR_04,REP_00029,7,91
Team_Delta,MGR_04,TERR_BRAZIL_BRASILIA,CUST_11_042,2,MANAGER_MGR_04,REP_00030,83,86
Team_Delta,MGR_04,TERR_BRAZIL_BRASILIA,CUST_11_043,0,MANAGER_MGR_04,REP_00028,110,89
Team_Delta,MGR_04,TERR_BRAZIL_BRASILIA,CUST_11_044,1,MANAGER_MGR_04,REP_00029,7,91
Team_Delta,MGR_04,TERR_BRAZIL_BRASILIA,CUST_11_045,0,MANAGER_MGR_04,REP_00028,110,89
Team_Delta,MGR_04,TERR_UNITED_KINGDOM_LONDON,CUST_03_001,0,MANAGER_MGR_04,REP_00031,101,118
Team_Delta,MGR_04,TERR_UNITED_KINGDOM_LONDON,CUST_03_002,1,MANAGER_MGR_04,REP_00032,38,104
Team_Delta,MGR_04,TERR_UNITED_KINGDOM_LONDON,CUST_03_003,2,MANAGER_MGR_04,REP_00033,16,86
Team_Delta,MGR_04,TERR_UNITED_KINGDOM_LONDON,CUST_03_004,2,MANAGER_MGR_04,REP_00033,16,86
Team_Delta,MGR_04,TERR_UNITED_KINGDOM_LONDON,CUST_03_005,1,MANAGER_MGR_04,REP_00032,38,104
Team_Delta,MGR_04,TERR_UNITED_KINGDOM_LONDON,CUST_03_006,2,MANAGER_MGR_04,REP_00033,16,86
Team_Delta,MGR_04,TERR_UNITED_KINGDOM_LONDON,CUST_03_007,1,MANAGER_MGR_04,REP_00032,38,104
Team_Delta,MGR_04,TERR_UNITED_KINGDOM_LONDON,CUST_03_008,1,MANAGER_MGR_04,REP_00032,38,104
Team_Delta,MGR_04,TERR_UNITED_KINGDOM_LONDON,CUST_03_009,0,MANAGER_MGR_04,REP_00031,101,118
Team_Delta,MGR_04,TERR_UNITED_KINGDOM_LONDON,CUST_03_010,2,MANAGER_MGR_04,REP_00033,16,86
Team_Delta,MGR_04,TERR_UNITED_KINGDOM_LONDON,CUST_03_011,2,MANAGER_MGR_04,REP_00033,16,86
Team_Delta,MGR_04,TERR_UNITED_KINGDOM_LONDON,CUST_03_012,0,MANAGER_MGR_04,REP_00031,101,118
Team_Delta,MGR_04,TERR_UNITED_KINGDOM_LONDON,CUST_03_013,2,MANAGER_MGR_04,REP_00033,16,86
Team_Delta,MGR_04,TERR_UNITED_KINGDOM_LONDON,CUST_03_014,1,MANAGER_MGR_04,REP_00032,38,104
Team_Delta,MGR_04,TERR_UNITED_KINGDOM_LONDON,CUST_03_015,0,MANAGER_MGR_04,REP_00031,101,118
Team_Delta,MGR_04,TERR_UNITED_KINGDOM_LONDON,CUST_03_016,2,MANAGER_MGR_04,REP_00033,16,86
Team_Delta,MGR_04,TERR_UNITED_KINGDOM_LONDON,CUST_03_017,0,MANAGER_MGR_04,REP_00031,101,118
Team_Delta,MGR_04,TERR_UNITED_KINGDOM_LONDON,CUST_03_018,0,MANAGER_MGR_04,REP_00031,101,118
Team_Delta,MGR_04,TERR_UNITED_KINGDOM_LONDON,CUST_03_019,0,MANAGER_MGR_04,REP_00031,101,118
Team_Delta,MGR_04,TERR_UNITED_KINGDOM_LONDON,CUST_03_020,2,MANAGER_MGR_04,REP_00033,16,86
Team_Delta,MGR_04,TERR_UNITED_KINGDOM_LONDON,CUST_03_021,0,MANAGER_MGR_04,REP_00031,101,118
Team_Delta,MGR_04,TERR_UNITED_KINGDOM_LONDON,CUST_03_022,2,MANAGER_MGR_04,REP_00033,16,86
Team_Delta,MGR_04,TERR_UNITED_KINGDOM_LONDON,CUST_03_023,0,MANAGER_MGR_04,REP_00031,101,118
Team_Delta,MGR_04,TERR_UNITED_KINGDOM_LONDON,CUST_03_024,2,MANAGER_MGR_04,REP_00033,16,86
Team_Delta,MGR_04,TERR_UNITED_KINGDOM_LONDON,CUST_03_025,0,MANAGER_MGR_04,REP_00031,101,118
Team_Delta,MGR_04,TERR_UNITED_KINGDOM_LONDON,CUST_03_026,0,MANAGER_MGR_04,REP_00031,101,118
Team_Delta,MGR_04,TERR_UNITED_KINGDOM_LONDON,CUST_03_027,1,MANAGER_MGR_04,REP_00032,38,104
Team_Delta,MGR_04,TERR_UNITED_KINGDOM_LONDON,CUST_03_028,2,MANAGER_MGR_04,REP_00033,16,86
Team_Delta,MGR_04,TERR_UNITED_KINGDOM_LONDON,CUST_03_029,2,MANAGER_MGR_04,REP_00033,16,86
Team_Delta,MGR_04,TERR_UNITED_KINGDOM_LONDON,CUST_03_030,0,MANAGER_MGR_04,REP_00031,101,118
Team_Delta,MGR_04,TERR_UNITED_KINGDOM_LONDON,CUST_03_031,1,MANAGER_MGR_04,REP_00032,38,104
Team_Delta,MGR_04,TERR_UNITED_KINGDOM_LONDON,CUST_03_032,1,MANAGER_MGR_04,REP_00032,38,104
Team_Delta,MGR_04,TERR_UNITED_KINGDOM_LONDON,CUST_03_033,1,MANAGER_MGR_04,REP_00032,38,104
Team_Delta,MGR_04,TERR_UNITED_KINGDOM_LONDON,CUST_03_034,2,MANAGER_MGR_04,REP_00033,16,86
Team_Delta,MGR_04,TERR_UNITED_KINGDOM_LONDON,CUST_03_035,0,MANAGER_MGR_04,REP_00031,101,118
Team_Delta,MGR_04,TERR_UNITED_KINGDOM_LONDON,CUST_03_036,1,MANAGER_MGR_04,REP_00032,38,104
Team_Delta,MGR_04,TERR_UNITED_KINGDOM_LONDON,CUST_03_037,0,MANAGER_MGR_04,REP_00031,101,118
Team_Delta,MGR_04,TERR_UNITED_KINGDOM_LONDON,CUST_03_038,2,MANAGER_MGR_04,REP_00033,16,86
Team_Delta,MGR_04,TERR_UNITED_KINGDOM_LONDON,CUST_03_039,1,MANAGER_MGR_04,REP_00032,38,104
Team_Delta,MGR_04,TERR_UNITED_KINGDOM_LONDON,CUST_03_040,2,MANAGER_MGR_04,REP_00033,16,86
Team_Delta,MGR_04,TERR_UNITED_KINGDOM_LONDON,CUST_03_041,2,MANAGER_MGR_04,REP_00033,16,86
Team_Delta,MGR_04,TERR_UNITED_KINGDOM_LONDON,CUST_03_042,1,MANAGER_MGR_04,REP_00032,38,104
Team_Delta,MGR_04,TERR_UNITED_KINGDOM_LONDON,CUST_03_043,0,MANAGER_MGR_04,REP_00031,101,118
Team_Delta,MGR_04,TERR_UNITED_KINGDOM_LONDON,CUST_03_044,1,MANAGER_MGR_04,REP_00032,38,104
Team_Delta,MGR_04,TERR_UNITED_KINGDOM_LONDON,CUST_03_045,2,MANAGER_MGR_04,REP_00033,16,86
Team_Delta,MGR_08,TERR_UNITED_STATES_CHICAGO,CUST_07_001,0,MANAGER_MGR_08,REP_00034,75,114
Team_Delta,MGR_08,TERR_UNITED_STATES_CHICAGO,CUST_07_002,1,MANAGER_MGR_08,REP_00035,100,106
Team_Delta,MGR_08,TERR_UNITED_STATES_CHICAGO,CUST_07_003,1,MANAGER_MGR_08,REP_00035,100,106
Team_Delta,MGR_08,TERR_UNITED_STATES_CHICAGO,CUST_07_004,2,MANAGER_MGR_08,REP_00036,61,86
Team_Delta,MGR_08,TERR_UNITED_STATES_CHICAGO,CUST_07_005,2,MANAGER_MGR_08,REP_00036,61,86
Team_Delta,MGR_08,TERR_UNITED_STATES_CHICAGO,CUST_07_006,2,MANAGER_MGR_08,REP_00036,61,86
Team_Delta,MGR_08,TERR_UNITED_STATES_CHICAGO,CUST_07_007,2,MANAGER_MGR_08,REP_00036,61,86
Team_Delta,MGR_08,TERR_UNITED_STATES_CHICAGO,CUST_07_008,1,MANAGER_MGR_08,REP_00035,100,106
Team_Delta,MGR_08,TERR_UNITED_STATES_CHICAGO,CUST_07_009,1,MANAGER_MGR_08,REP_00035,100,106
Team_Delta,MGR_08,TERR_UNITED_STATES_CHICAGO,CUST_07_010,1,MANAGER_MGR_08,REP_00035,100,106
Team_Delta,MGR_08,TERR_UNITED_STATES_CHICAGO,CUST_07_011,2,MANAGER_MGR_08,REP_00036,61,86
Team_Delta,MGR_08,TERR_UNITED_STATES_CHICAGO,CUST_07_012,0,MANAGER_MGR_08,REP_00034,75,114
Team_Delta,MGR_08,TERR_UNITED_STATES_CHICAGO,CUST_07_013,2,MANAGER_MGR_08,REP_00036,61,86
Team_Delta,MGR_08,TERR_UNITED_STATES_CHICAGO,CUST_07_014,0,MANAGER_MGR_08,REP_00034,75,114
Team_Delta,MGR_08,TERR_UNITED_STATES_CHICAGO,CUST_07_015,0,MANAGER_MGR_08,REP_00034,75,114
Team_Delta,MGR_08,TERR_UNITED_STATES_CHICAGO,CUST_07_016,2,MANAGER_MGR_08,REP_00036,61,86
Team_Delta,MGR_08,TERR_UNITED_STATES_CHICAGO,CUST_07_017,2,MANAGER_MGR_08,REP_00036,61,86
Team_Delta,MGR_08,TERR_UNITED_STATES_CHICAGO,CUST_07_018,0,MANAGER_MGR_08,REP_00034,75,114
Team_Delta,MGR_08,TERR_UNITED_STATES_CHICAGO,CUST_07_019,2,MANAGER_MGR_08,REP_00036,61,86
Team_Delta,MGR_08,TERR_UNITED_STATES_CHICAGO,CUST_07_020,2,MANAGER_MGR_08,REP_00036,61,86
Team_Delta,MGR_08,TERR_UNITED_STATES_CHICAGO,CUST_07_021,2,MANAGER_MGR_08,REP_00036,61,86
Team_Delta,MGR_08,TERR_UNITED_STATES_CHICAGO,CUST_07_022,1,MANAGER_MGR_08,REP_00035,100,106
Team_Delta,MGR_08,TERR_UNITED_STATES_CHICAGO,CUST_07_023,0,MANAGER_MGR_08,REP_00034,75,114
Team_Delta,MGR_08,TERR_UNITED_STATES_CHICAGO,CUST_07_024,2,MANAGER_MGR_08,REP_00036,61,86
Team_Delta,MGR_08,TERR_UNITED_STATES_CHICAGO,CUST_07_025,2,MANAGER_MGR_08,REP_00036,61,86
Team_Delta,MGR_08,TERR_UNITED_STATES_CHICAGO,CUST_07_026,2,MANAGER_MGR_08,REP_00036,61,86
Team_Delta,MGR_08,TERR_UNITED_STATES_CHICAGO,CUST_07_027,2,MANAGER_MGR_08,REP_00036,61,86
Team_Delta,MGR_08,TERR_UNITED_STATES_CHICAGO,CUST_07_028,0,MANAGER_MGR_08,REP_00034,75,114
Team_Delta,MGR_08,TERR_UNITED_STATES_CHICAGO,CUST_07_029,1,MANAGER_MGR_08,REP_00035,100,106
Team_Delta,MGR_08,TERR_UNITED_STATES_CHICAGO,CUST_07_030,0,MANAGER_MGR_08,REP_00034,75,114
Team_Delta,MGR_08,TERR_UNITED_STATES_CHICAGO,CUST_07_031,2,MANAGER_MGR_08,REP_00036,61,86
Team_Delta,MGR_08,TERR_UNITED_STATES_CHICAGO,CUST_07_032,2,MANAGER_MGR_08,REP_00036,61,86
Team_Delta,MGR_08,TERR_UNITED_STATES_CHICAGO,CUST_07_033,1,MANAGER_MGR_08,REP_00035,100,106
Team_Delta,MGR_08,TERR_UNITED_STATES_CHICAGO,CUST_07_034,1,MANAGER_MGR_08,REP_00035,100,106
Team_Delta,MGR_08,TERR_UNITED_STATES_CHICAGO,CUST_07_035,1,MANAGER_MGR_08,REP_00035,100,106
Team_Delta,MGR_08,TERR_UNITED_STATES_CHICAGO,CUST_07_036,0,MANAGER_MGR_08,REP_00034,75,114
Team_Delta,MGR_08,TERR_UNITED_STATES_CHICAGO,CUST_07_037,0,MANAGER_MGR_08,REP_00034,75,114
Team_Delta,MGR_08,TERR_UNITED_STATES_CHICAGO,CUST_07_038,1,MANAGER_MGR_08,REP_00035,100,106
Team_Delta,MGR_08,TERR_UNITED_STATES_CHICAGO,CUST_07_039,2,MANAGER_MGR_08,REP_00036,61,86
Team_Delta,MGR_08,TERR_UNITED_STATES_CHICAGO,CUST_07_040,0,MANAGER_MGR_08,REP_00034,75,114
Team_Delta,MGR_08,TERR_UNITED_STATES_CHICAGO,CUST_07_041,1,MANAGER_MGR_08,REP_00035,100,106
Team_Delta,MGR_08,TERR_UNITED_STATES_CHICAGO,CUST_07_042,1,MANAGER_MGR_08,REP_00035,100,106
Team_Delta,MGR_08,TERR_UNITED_STATES_CHICAGO,CUST_07_043,0,MANAGER_MGR_08,REP_00034,75,114
Team_Delta,MGR_08,TERR_UNITED_STATES_CHICAGO,CUST_07_044,2,MANAGER_MGR_08,REP_00036,61,86
Team_Delta,MGR_08,TERR_UNITED_STATES_CHICAGO,CUST_07_045,0,MANAGER_MGR_08,REP_00034,75,114
