representative,date,total_sales,total_quantity,transaction_count,average_price,median_price,distinct_customers,distinct_products,distinct_cities,distributor_count,active_reps,latitude_dispersion,longitude_dispersion
Abigail Thompson,2017-01-01,12314569.0,25061.0,312,423.5544871794872,450.0,225,176,225,13,1,1.6396221237019388,2.0796311273164974
Abigail Thompson,2017-02-01,11395787.0,34346.0,339,421.7787610619469,453.0,249,183,248,12,1,1.6318858935528855,2.0334798926419966
Abigail Thompson,2017-03-01,15080253.0,39242.0,359,412.66295264623955,424.0,268,180,267,11,1,1.5181320203346098,2.059058074398576
Abigail Thompson,2017-04-01,12852526.0,34672.0,328,410.8567073170732,445.0,231,175,230,13,1,1.6111415070840585,2.1486223932352257
Abigail Thompson,2017-05-01,22478781.0,51748.0,385,423.74545454545455,452.0,267,200,267,13,1,1.6579874975565927,2.0261645963829853
Abigail Thompson,2017-06-01,26704180.0,49214.0,343,410.0524781341108,420.0,260,182,260,13,1,1.4981282672174825,2.1223774756401284
Abigail Thompson,2017-07-01,36596483.30669,79465.5512759,417,421.7482014388489,450.0,303,197,302,14,1,1.5911333560286938,1.994082437272359
Abigail Thompson,2017-08-01,18883791.0,43714.0,404,412.36138613861385,430.0,273,190,272,11,1,1.5496107486029627,2.126248031529163
Abigail Thompson,2017-09-01,24368689.0,75426.0,357,393.28011204481794,430.0,258,184,257,13,1,1.6385836347928342,2.068980484740733
Abigail Thompson,2017-10-01,16305899.0,36677.0,362,414.83977900552486,434.0,263,185,262,12,1,1.6512167378123892,1.938663996806989
Abigail Thompson,2017-11-01,18884531.0,45263.0,417,408.82973621103116,438.0,295,204,295,11,1,1.7254500412644096,2.0861098484513256
Abigail Thompson,2017-12-01,11250031.0,30778.0,287,410.3170731707317,424.0,221,166,221,12,1,1.515191175879298,2.2192226184201185
Abigail Thompson,2018-01-01,28375060.0,58306.0,572,413.993006993007,438.0,373,218,373,17,1,1.622333480266752,5.508839683374205
Abigail Thompson,2018-02-01,32199638.0,72968.0,630,404.04126984126987,420.0,416,220,416,17,1,1.6316379297238788,5.320873547299475
Abigail Thompson,2018-03-01,39779125.0,83697.0,684,411.280701754386,424.0,449,229,448,20,1,1.6234481630729913,5.3818001493477725
Abigail Thompson,2018-04-01,11890083.8,29580.2,530,417.2415094339623,436.5,375,209,375,17,1,1.601734377587477,5.2314180939325565
Abigail Thompson,2018-05-01,15840683.0,40595.0,635,406.91653543307086,445.0,403,221,403,16,1,1.6666280036295695,5.182427871188328
Abigail Thompson,2018-06-01,42063431.0,103220.0,616,420.87824675324674,452.0,413,216,413,20,1,1.630075576261126,5.027243492466971
Abigail Thompson,2018-07-01,24417367.0,59952.0,618,412.1666666666667,415.0,419,221,418,16,1,1.5860197042913466,5.063667247275735
Abigail Thompson,2018-08-01,24513025.0,57502.0,588,421.48979591836735,452.5,379,214,379,15,1,1.6509332823989085,5.270398775602452
Abigail Thompson,2018-09-01,18479278.0,57433.0,532,403.4003759398496,425.5,375,213,375,18,1,1.5822136299685716,5.268669219802364
Abigail Thompson,2018-10-01,26103504.0,64638.0,772,415.6256476683938,435.0,474,233,474,15,1,1.6195084900667338,5.313122848148971
Abigail Thompson,2018-11-01,27482499.0,68593.0,637,408.4662480376766,421.0,415,228,415,16,1,1.6367487168481618,5.208079011827124
Abigail Thompson,2018-12-01,13082721.0,28264.0,530,414.4735849056604,436.5,371,216,371,18,1,1.5467488726479164,5.293423623975775
Abigail Thompson,2019-01-01,9389280.0,19488.0,257,434.05058365758754,445.0,208,159,208,4,1,1.5654706425497502,2.0588926486986923
Abigail Thompson,2019-02-01,14298810.0,33348.0,326,423.05214723926383,445.0,238,179,237,8,1,1.516807013492017,2.054441804511803
Abigail Thompson,2019-03-01,24927753.0,67428.0,401,410.83291770573567,421.0,279,196,278,5,1,1.7072505893133334,2.027725300796536
Abigail Thompson,2019-04-01,29789793.0,53454.0,288,427.5486111111111,451.0,232,166,232,4,1,1.6118837793097365,2.177272412157061
Alan Ray,2017-01-01,17035260.0,30411.0,316,417.0348101265823,424.0,234,177,234,12,1,1.4938464645506213,2.098413970988744
Alan Ray,2017-02-01,22630217.0,50039.0,344,412.9796511627907,424.0,257,181,257,12,1,1.612547929833768,2.0830861775317726
Alan Ray,2017-03-01,16146873.0,38271.0,377,410.55702917771885,409.0,274,203,274,12,1,1.594821039119823,2.0474108613879745
Alan Ray,2017-04-01,13287526.0,30824.0,339,404.1386430678466,421.0,252,181,251,13,1,1.6525464870145874,2.1022346973549153
Alan Ray,2017-05-01,14497870.0,35175.0,404,413.08415841584156,451.0,292,205,292,13,1,1.5604922650382542,2.0492766936351328
Alan Ray,2017-06-01,20836775.0,44186.0,377,428.6976127320955,453.0,274,192,273,13,1,1.5864240430294432,2.0838233873771985
Alan Ray,2017-07-01,15222947.0,34797.0,404,419.0222772277228,446.5,287,198,287,13,1,1.6784466358140988,1.9515260830979368
Alan Ray,2017-08-01,21462039.0,51021.0,445,400.0494382022472,416.0,308,206,308,12,1,1.5374726465499693,2.064768047891697
Alan Ray,2017-09-01,21919261.0,49702.0,368,400.8967391304348,418.5,252,188,252,13,1,1.6490874330230199,2.0412570743141796
Alan Ray,2017-10-01,14121163.0,38931.0,374,426.60695187165777,453.0,277,192,277,12,1,1.5538520630989725,2.0903604348132196
Alan Ray,2017-11-01,17703993.0,45382.0,393,417.15521628498726,424.0,288,197,288,13,1,1.6745209778844399,2.0001318230286085
Alan Ray,2017-12-01,22123416.0,50311.0,277,430.1696750902527,458.0,207,174,207,12,1,1.6021769863680675,2.0119703885596065
Alan Ray,2018-01-01,11543496.0,36775.0,566,417.02826855123675,435.0,378,221,378,17,1,1.6162511455077597,5.332946975059055
Alan Ray,2018-02-01,19591964.2,43436.6,604,417.88079470198676,438.0,408,214,408,16,1,1.6582782267657548,5.1648926989264385
Alan Ray,2018-03-01,19372632.0,46417.0,647,392.34621329211745,408.0,421,223,420,19,1,1.6035972578349276,5.240045406526337
Alan Ray,2018-04-01,13629342.0,41225.0,506,395.0612648221344,415.0,372,209,372,16,1,1.6361152019041252,5.336983028235241
Alan Ray,2018-05-01,14298435.0,37635.0,571,404.6935201401051,430.0,393,218,393,17,1,1.6511174211812512,5.115047327300872
Alan Ray,2018-06-01,29378437.0,68508.0,557,400.3572710951526,414.0,379,217,378,19,1,1.6236664980779412,5.039650901652355
Alan Ray,2018-07-01,23703035.0,62403.0,654,413.67584097859327,427.0,420,225,418,16,1,1.5856039292278032,5.346680458269222
Alan Ray,2018-08-01,11615409.0,34190.0,575,412.54782608695655,438.0,386,220,386,16,1,1.6191502107690896,5.564828864846064
Alan Ray,2018-09-01,21867650.0,47930.0,573,420.55846422338567,452.0,372,222,371,20,1,1.5602478889959446,5.326209663934003
Alan Ray,2018-10-01,30088268.0,73086.0,765,407.8705882352941,424.0,466,230,465,15,1,1.6467015101331617,5.265462291163179
Alan Ray,2018-11-01,30141968.0,72680.0,683,421.8799414348463,448.0,432,226,431,16,1,1.6138039711420389,5.3942983431908225
Alan Ray,2018-12-01,15142248.0,34585.0,507,419.4082840236686,438.0,348,213,348,16,1,1.636246420522815,5.299573064108822
Alan Ray,2019-01-01,6970687.0,19889.0,289,415.878892733564,445.0,226,165,226,4,1,1.5485371780109263,2.03717351179343
Alan Ray,2019-02-01,17539307.0,65409.0,364,403.54395604395603,408.0,269,181,267,8,1,1.5740205188623697,2.008996792094055
Alan Ray,2019-03-01,22556248.0,52269.0,411,420.88321167883214,452.0,298,188,297,5,1,1.6028438666145652,1.9851137561679688
Alan Ray,2019-04-01,9895574.0,26512.0,274,413.7335766423358,452.5,216,161,216,4,1,1.4631038076937837,2.0911373736101964
Anne Wu,2017-01-01,14817341.0,36611.0,286,405.47202797202794,415.0,230,170,229,13,1,1.580997484981624,2.1706464810794484
Anne Wu,2017-02-01,13810023.0,31634.0,344,425.61046511627904,464.5,255,181,255,12,1,1.655208772298598,2.157361176480613
Anne Wu,2017-03-01,18057321.0,47154.0,353,393.1388101983003,402.0,265,190,265,11,1,1.6524914459388227,2.058874536270729
Anne Wu,2017-04-01,16028484.0,35341.0,297,435.72053872053874,453.0,228,169,228,13,1,1.5890136828013197,2.030903551546477
Anne Wu,2017-05-01,22748598.0,67737.0,391,399.86700767263426,409.0,285,189,284,13,1,1.5915192378422363,1.965133369406811
Anne Wu,2017-06-01,19357770.0,45508.0,414,418.45410628019323,445.0,294,194,293,12,1,1.633603334065785,2.0761742442877713
Anne Wu,2017-07-01,21421404.5089,48013.5512759,446,402.6502242152466,420.5,306,204,306,14,1,1.634514169001449,2.00672321472794
Anne Wu,2017-08-01,16337980.0,38997.0,423,431.1962174940898,458.0,291,193,291,10,1,1.6572063002979673,1.9885904679494213
Anne Wu,2017-09-01,29493623.0,66982.0,366,410.76229508196724,432.5,259,197,259,13,1,1.4727378206788273,2.040873804095858
Anne Wu,2017-10-01,20610668.0,47579.0,368,433.3396739130435,446.5,276,193,276,13,1,1.5694880280779806,1.9513757818462314
Anne Wu,2017-11-01,32984448.0,61239.0,398,428.9748743718593,452.5,280,199,280,13,1,1.608308369144933,2.1321105947049683
Anne Wu,2017-12-01,14500971.0,36266.0,305,398.2491803278688,404.0,228,176,227,13,1,1.550177215106427,2.0957604944832897
Anne Wu,2018-01-01,14587767.0,33353.0,598,427.09698996655516,452.5,372,223,372,16,1,1.5823754308275455,5.392662790287557
Anne Wu,2018-02-01,20065106.0,51254.0,606,413.1798679867987,421.0,405,224,404,17,1,1.6141443624856704,5.277942479075572
Anne Wu,2018-03-01,43370483.0,94964.0,714,416.47058823529414,448.0,442,229,441,21,1,1.5438761723393226,5.16207842653374
Anne Wu,2018-04-01,16143838.0,45372.0,524,424.0916030534351,450.0,367,220,366,17,1,1.5862959892422255,5.246235642316664
Anne Wu,2018-05-01,19384488.0,39734.0,558,413.5537634408602,445.0,382,218,382,16,1,1.6206272646610065,5.35917107721847
Anne Wu,2018-06-01,23270218.0,60816.0,588,400.94727891156464,408.0,403,223,403,20,1,1.5938475524284232,5.160319759456469
Anne Wu,2018-07-01,19795733.0,51358.0,634,411.0,406.0,420,223,420,17,1,1.5884643150802629,5.311028263150946
Anne Wu,2018-08-01,19028368.0,41617.0,614,395.27035830618894,404.0,391,212,391,16,1,1.6479230629954662,5.334103346783693
Anne Wu,2018-09-01,25392151.0,48097.0,520,418.86538461538464,448.0,357,217,357,18,1,1.6878017645116676,5.306819046889642
Anne Wu,2018-10-01,26324651.0,63870.0,736,428.9959239130435,445.0,461,232,461,16,1,1.56976232036423,5.286581893324382
Anne Wu,2018-11-01,22264385.0,59358.0,645,400.35503875968993,416.0,415,222,415,17,1,1.5877523358530585,5.506555771504309
Anne Wu,2018-12-01,9511704.0,22844.0,497,399.8732394366197,416.0,336,215,335,18,1,1.6243288421789932,5.35628137117235
Anne Wu,2019-01-01,6526321.0,20359.0,306,395.2875816993464,401.5,235,176,235,5,1,1.6015337872974298,2.1394121796906003
Anne Wu,2019-02-01,20325738.0,54410.0,338,412.15384615384613,421.0,239,177,239,9,1,1.6637377951087053,2.0243001552134685
Anne Wu,2019-03-01,15660989.0,39602.0,433,410.4157043879908,421.0,300,195,299,5,1,1.652514934064454,1.9200938452458907
Anne Wu,2019-04-01,11720220.0,32854.0,262,413.0,432.5,218,158,218,5,1,1.6222293301070745,2.1757467480940225
Daniel Gates,2017-01-01,14401576.0,32950.0,315,402.0888888888889,430.0,248,168,247,13,1,1.489729379041611,1.9372623274562626
Daniel Gates,2017-02-01,13500698.0,40182.0,317,421.0725552050473,445.0,240,184,240,13,1,1.625660376505083,2.0152405104693427
Daniel Gates,2017-03-01,20399409.0,51536.0,353,394.8753541076487,400.0,248,179,248,13,1,1.5986982888027226,2.029614074252384
Daniel Gates,2017-04-01,11096800.0,29867.0,294,437.27891156462584,452.0,222,165,222,11,1,1.669238062720272,2.0216310643173223
Daniel Gates,2017-05-01,11044943.0,30892.0,371,387.3126684636119,404.0,278,191,278,12,1,1.6661584114376746,2.0739730736620188
Daniel Gates,2017-06-01,17660842.0,46435.0,415,385.00240963855424,390.0,291,201,291,13,1,1.6190837867447914,2.1193482177722425
Daniel Gates,2017-07-01,19181384.0,53416.0,395,414.98227848101266,420.0,290,194,290,13,1,1.7247807406856712,1.968671083270287
Daniel Gates,2017-08-01,19154084.0,42137.0,393,425.3994910941476,424.0,275,197,274,13,1,1.5448900924163027,1.9719980867521656
Daniel Gates,2017-09-01,18924762.0,52049.0,382,429.78534031413614,459.5,274,186,273,13,1,1.6519625311729527,2.04161003712666
Daniel Gates,2017-10-01,11880066.0,28279.0,346,424.9913294797688,446.5,254,186,253,13,1,1.5726924995950098,2.126477070783127
Daniel Gates,2017-11-01,11526973.0,29995.0,386,401.020725388601,408.0,284,187,283,12,1,1.6491815646862908,1.9917168274766825
Daniel Gates,2017-12-01,14035386.0,38262.0,290,404.98275862068965,420.5,221,173,221,13,1,1.5736724103245956,2.201192550102533
Daniel Gates,2018-01-01,13770923.0,31770.0,563,416.82060390763763,438.0,378,221,377,17,1,1.6209727615171894,5.407484759071232
Daniel Gates,2018-02-01,29091586.0,66011.0,620,403.7064516129032,420.0,418,224,418,17,1,1.6196160653735847,5.315365230118018
Daniel Gates,2018-03-01,23645590.0,59230.0,689,410.6357039187228,435.0,418,229,418,19,1,1.5178265774612323,5.371625661230381
Daniel Gates,2018-04-01,27399814.0,82694.0,530,426.6301886792453,445.0,374,212,373,17,1,1.6612983253065254,5.179923954572264
Daniel Gates,2018-05-01,21806735.0,58033.0,577,418.7590987868284,453.0,386,215,386,15,1,1.599073387977496,5.143011035622202
Daniel Gates,2018-06-01,25588586.0,60691.0,577,418.8457538994801,450.0,393,212,393,20,1,1.565612809103179,5.105970196495862
Daniel Gates,2018-07-01,36291528.0,83162.0,617,400.1815235008104,420.0,416,217,415,16,1,1.636392954057404,5.252600935621902
Daniel Gates,2018-08-01,22274507.0,52698.0,622,416.0176848874598,438.0,408,220,408,15,1,1.647260657420681,5.3305356370090395
Daniel Gates,2018-09-01,14590219.0,35583.0,566,407.7985865724382,420.0,390,219,389,18,1,1.5693402663135039,5.294725724385549
Daniel Gates,2018-10-01,27881320.0,63551.0,774,431.66149870801036,458.0,456,228,454,16,1,1.648378496138994,5.1772256261620715
Daniel Gates,2018-11-01,25206359.0,55255.0,650,422.09384615384613,445.0,422,226,422,16,1,1.6256455833760897,5.424697465824137
Daniel Gates,2018-12-01,15461529.0,33919.0,503,418.5765407554672,452.0,342,209,342,15,1,1.551003346427134,5.409610101082302
Daniel Gates,2019-01-01,6138913.0,13393.0,265,407.1735849056604,438.0,213,159,212,4,1,1.6694298775676357,2.022073854326274
Daniel Gates,2019-02-01,27993912.0,83457.0,323,399.94736842105266,409.0,244,181,243,9,1,1.634114324032864,2.0077543046364235
Daniel Gates,2019-03-01,22983929.0,60469.0,420,410.93333333333334,430.0,307,195,305,4,1,1.6543025544398655,2.0003535925035125
Daniel Gates,2019-04-01,32989010.0,69257.0,282,416.81205673758865,430.0,215,167,215,4,1,1.6295487528468637,1.9476580358168543
Erica Jones,2017-01-01,10935589.0,24278.0,305,423.6,450.0,234,163,233,12,1,1.62724095748065,1.9646488426310673
Erica Jones,2017-02-01,16364825.0,38063.0,355,418.0225352112676,445.0,259,184,259,12,1,1.5820123636647407,2.2104686906903868
Erica Jones,2017-03-01,16560457.0,43563.0,378,404.73280423280426,432.5,275,193,275,13,1,1.6789473511236963,2.1284337516458574
Erica Jones,2017-04-01,14778098.0,33687.0,302,412.79801324503313,441.5,238,179,237,13,1,1.649335969047403,1.970679967272199
Erica Jones,2017-05-01,24034581.0,52671.0,412,419.5898058252427,448.0,299,192,299,13,1,1.5733344291644231,2.0979542722823585
Erica Jones,2017-06-01,13682886.0,37541.0,360,406.5111111111111,420.0,265,187,265,13,1,1.6361170017844837,1.9768740766240398
Erica Jones,2017-07-01,12775455.0,31439.0,403,435.7692307692308,458.0,272,196,272,13,1,1.5801496366245005,2.035809986374697
Erica Jones,2017-08-01,21209296.0,47952.0,405,411.94074074074075,430.0,301,198,301,13,1,1.595709181230655,2.001705881224984
Erica Jones,2017-09-01,17115076.0,36317.0,348,404.6867816091954,411.5,262,183,262,13,1,1.5680343393699714,2.0475156330463595
Erica Jones,2017-10-01,13352940.0,33704.0,394,414.0406091370558,445.0,269,195,269,12,1,1.5672742876172308,2.032645868083234
Erica Jones,2017-11-01,13437353.0,36512.0,370,421.772972972973,438.0,274,191,273,11,1,1.648740197981846,1.9664559152125611
Erica Jones,2017-12-01,29291544.0,74740.0,308,425.1915584415584,450.0,242,180,241,11,1,1.583606124889786,2.1319020144984284
Erica Jones,2018-01-01,22130141.0,52413.0,581,406.8898450946644,435.0,386,220,386,17,1,1.6335901614575825,5.377719953274076
Erica Jones,2018-02-01,22731712.0,56716.0,624,399.3541666666667,420.0,417,218,417,17,1,1.6071934410309279,5.332572062041898
Erica Jones,2018-03-01,36161887.0,82817.0,650,426.59846153846155,452.0,434,230,433,19,1,1.6330093583840952,5.218809463398164
Erica Jones,2018-04-01,15026990.0,49207.0,556,388.0791366906475,401.0,380,213,380,17,1,1.6398934936519824,5.1774922998292645
Erica Jones,2018-05-01,22218436.0,50105.0,591,410.35871404399325,435.0,389,222,389,17,1,1.5212481165140075,5.044629059273647
Erica Jones,2018-06-01,22075962.0,72568.0,608,405.57730263157896,424.0,416,210,416,19,1,1.5987867418986257,5.26885494601485
Erica Jones,2018-07-01,19155384.0,44316.0,598,404.39297658862876,420.0,402,224,401,16,1,1.5681062718718468,5.4473677375178875
Erica Jones,2018-08-01,19182130.0,55000.0,581,405.9724612736661,416.0,378,210,378,16,1,1.696097222927183,5.276237653889401
Erica Jones,2018-09-01,20825344.0,48549.0,547,411.6782449725777,424.0,388,213,386,16,1,1.5771402074018928,5.306696657976821
Erica Jones,2018-10-01,25989854.0,59307.0,746,415.1916890080429,420.0,470,229,470,15,1,1.6631973180967217,5.2200197786833815
Erica Jones,2018-11-01,24095218.0,74063.0,639,410.61189358372457,424.0,419,218,419,16,1,1.6397350543359868,5.251765706950106
Erica Jones,2018-12-01,18013990.0,43189.0,506,403.07509881422925,445.0,354,215,354,18,1,1.6403720332511489,5.312106920211099
Erica Jones,2019-01-01,4283482.0,11584.0,274,429.1094890510949,455.0,217,170,216,3,1,1.6085748368589439,2.070722395026232
Erica Jones,2019-02-01,26569377.0,53037.0,346,430.2543352601156,445.0,248,188,248,10,1,1.557808264657953,2.062197591509886
Erica Jones,2019-03-01,27677617.0,55441.0,394,409.505076142132,420.0,286,196,285,5,1,1.5701103089388007,2.0031958737405393
Erica Jones,2019-04-01,10331078.0,23069.0,277,439.9241877256318,470.0,210,166,210,4,1,1.6472622685081828,1.927113358378242
Jessica Smith,2017-01-01,12471231.0,29650.0,309,417.33656957928804,430.0,234,175,233,13,1,1.6848103564447268,2.097183478051994
Jessica Smith,2017-02-01,17554306.0,45200.0,321,408.10280373831773,420.0,247,181,247,11,1,1.6190318663144196,1.9939427089123327
Jessica Smith,2017-03-01,14161138.0,37580.0,393,407.9083969465649,438.0,287,196,287,12,1,1.6898027388723333,2.115065575677208
Jessica Smith,2017-04-01,13113348.0,33251.0,318,410.83962264150944,445.0,254,174,254,12,1,1.6927055974102807,2.038717731461733
Jessica Smith,2017-05-01,16075825.0,55018.0,368,417.61141304347825,445.0,276,191,276,12,1,1.636754831315582,1.9906798049191923
Jessica Smith,2017-06-01,14678856.0,33435.0,382,419.79842931937173,460.0,270,194,269,13,1,1.5916352451082578,2.1090453560024516
Jessica Smith,2017-07-01,18182284.0,40132.0,382,407.3089005235602,446.5,270,194,268,13,1,1.6103000098741596,2.1030186618721025
Jessica Smith,2017-08-01,21810012.0,45423.0,379,408.0448548812665,445.0,265,199,265,12,1,1.6597761419144161,2.0555703551689373
Jessica Smith,2017-09-01,20359718.0,56325.0,367,416.4277929155313,452.0,264,180,264,13,1,1.5835591702986722,1.8965968125146635
Jessica Smith,2017-10-01,16640285.0,48503.0,373,402.06970509383376,416.0,274,191,273,12,1,1.5756087860114252,2.0676883559652843
Jessica Smith,2017-11-01,32338210.0,64602.0,410,407.06341463414634,427.0,284,195,282,11,1,1.7047661095272153,1.9810610366483796
Jessica Smith,2017-12-01,20146156.0,46657.0,288,417.9826388888889,445.0,231,162,230,13,1,1.5856337660212256,1.9638930750847556
Jessica Smith,2018-01-01,30751285.0,68715.0,531,412.1638418079096,424.0,360,216,359,16,1,1.6234786568649022,5.381660368764961
Jessica Smith,2018-02-01,18568696.0,47405.0,627,407.00637958532695,420.0,415,223,414,17,1,1.6480787673278163,5.4026501536573015
Jessica Smith,2018-03-01,21528855.0,47682.0,661,405.9909228441755,420.0,427,228,426,17,1,1.611705016638335,5.250152921634966
Jessica Smith,2018-04-01,20445372.0,47725.0,594,419.14983164983164,445.0,407,220,407,15,1,1.649215715677328,5.19764022106337
Jessica Smith,2018-05-01,15748304.0,45168.0,576,411.8107638888889,438.0,392,216,392,16,1,1.5859798215466416,5.214089046220532
Jessica Smith,2018-06-01,33576603.0,70705.0,607,411.03953871499175,438.0,404,216,404,20,1,1.6647492213216668,5.277553743277291
Jessica Smith,2018-07-01,31577589.0,66971.0,690,416.91014492753624,445.0,443,224,442,17,1,1.6605408886451927,5.2167188646103515
Jessica Smith,2018-08-01,28686960.0,55423.0,599,419.40734557595994,448.0,390,221,390,15,1,1.5697720384843645,5.290052864423013
Jessica Smith,2018-09-01,17659401.0,42262.0,568,409.47535211267603,424.0,380,217,380,19,1,1.6920279699233836,5.285381703948185
Jessica Smith,2018-10-01,23137707.0,54735.0,773,399.0569210866753,416.0,462,227,460,16,1,1.6018424501772424,5.403748517521646
Jessica Smith,2018-11-01,13870029.0,27691.0,656,411.282012195122,436.5,411,220,411,15,1,1.592041708025424,5.336311926018534
Jessica Smith,2018-12-01,25266417.0,71293.0,534,416.0861423220974,445.0,360,213,359,18,1,1.5979738652570707,5.329395639650555
Jessica Smith,2019-01-01,7080773.0,16218.0,304,424.14473684210526,452.0,235,177,235,4,1,1.6545878902871258,2.1878109535640227
Jessica Smith,2019-02-01,18209497.0,53306.0,331,432.03021148036254,453.0,251,170,251,8,1,1.606908150009077,2.1916262834816282
Jessica Smith,2019-03-01,27223007.0,53602.0,398,428.1356783919598,445.0,279,194,279,4,1,1.614418667830052,2.1130757536134754
Jessica Smith,2019-04-01,13538551.0,25090.0,245,439.67755102040815,458.0,189,153,188,4,1,1.5999577943297976,1.9939574042338428
Jimmy Grey,2017-01-01,14533724.0,31147.0,317,403.4384858044164,424.0,245,166,244,11,1,1.6171237957617204,2.193907843249112
Jimmy Grey,2017-02-01,18179778.0,49565.0,397,400.4256926952141,416.0,277,197,277,12,1,1.6379931248297153,2.003943895532539
Jimmy Grey,2017-03-01,11746657.0,29106.0,317,406.3186119873817,438.0,236,183,236,12,1,1.6875542042492961,2.029506023092132
Jimmy Grey,2017-04-01,13517532.0,29992.0,303,416.65676567656766,445.0,235,173,235,12,1,1.5758247242986532,1.9384725808944956
Jimmy Grey,2017-05-01,16551670.0,52180.0,387,408.9483204134367,421.0,287,187,287,13,1,1.6258369783443718,2.0085126061815988
Jimmy Grey,2017-06-01,23709021.0,56679.0,408,412.99754901960785,446.5,288,198,288,13,1,1.6513648757515753,2.1550490579953
Jimmy Grey,2017-07-01,15185835.0,37865.0,403,419.7047146401985,450.0,283,184,282,12,1,1.453585046980432,2.1074576317288076
Jimmy Grey,2017-08-01,13075110.0,34210.0,401,419.3715710723192,445.0,288,190,288,13,1,1.5800733464620402,1.952526153562836
Jimmy Grey,2017-09-01,15341882.0,42924.0,373,408.2573726541555,402.0,267,180,267,13,1,1.6385562715634756,2.149445870981797
Jimmy Grey,2017-10-01,12830018.0,34742.0,336,397.2083333333333,421.0,249,184,249,13,1,1.6473356599093665,2.0204531123583935
Jimmy Grey,2017-11-01,15368478.0,39722.0,415,409.06746987951806,445.0,301,197,300,12,1,1.731681486422514,2.115132794815791
Jimmy Grey,2017-12-01,19569397.0,40401.0,293,410.03754266211604,420.0,234,176,234,13,1,1.6791220937268632,1.9102574192232358
Jimmy Grey,2018-01-01,16709430.0,41674.0,583,412.2641509433962,438.0,386,219,386,17,1,1.6095875434277738,5.28169529747791
Jimmy Grey,2018-02-01,17801369.0,41203.0,595,420.036974789916,424.0,390,219,390,17,1,1.64338583271799,5.393685095200269
Jimmy Grey,2018-03-01,26699800.0,58725.0,679,414.37702503681885,430.0,435,227,434,20,1,1.600001229598733,5.179751092513191
Jimmy Grey,2018-04-01,29758198.0,63456.0,530,411.67735849056606,424.0,383,211,382,17,1,1.58098493670802,5.374302003154583
Jimmy Grey,2018-05-01,14828214.0,35131.0,531,419.6497175141243,430.0,384,218,383,16,1,1.651876136736813,5.227407081441702
Jimmy Grey,2018-06-01,49287965.0,105321.0,617,415.837925445705,435.0,410,226,410,21,1,1.682439151624173,5.160560482522641
Jimmy Grey,2018-07-01,22077747.0,50537.0,638,405.07993730407526,420.0,426,221,426,17,1,1.5772608390175435,5.24906071884788
Jimmy Grey,2018-08-01,17524863.0,38262.0,589,420.62308998302206,452.0,386,213,386,15,1,1.5973189019125233,5.4179632830609386
Jimmy Grey,2018-09-01,33065553.0,72068.0,539,411.9925788497217,421.0,370,213,369,19,1,1.6070754506182405,5.322148255201237
Jimmy Grey,2018-10-01,29530873.0,67197.0,775,421.1458064516129,458.0,475,229,474,16,1,1.5779801819307648,5.2254936434483295
Jimmy Grey,2018-11-01,16431727.0,43761.0,674,408.23887240356083,424.0,425,224,423,16,1,1.6037337940504244,5.352234450655615
Jimmy Grey,2018-12-01,15490491.0,45510.0,515,403.1650485436893,414.0,347,218,347,17,1,1.7133572452255572,5.294740469746572
Jimmy Grey,2019-01-01,4836314.0,13301.0,253,428.498023715415,452.0,208,163,208,4,1,1.6595217098521315,2.075748854164737
Jimmy Grey,2019-02-01,40163923.0,76022.0,328,418.1707317073171,425.5,244,172,244,7,1,1.5333624871693736,2.017980908666808
Jimmy Grey,2019-03-01,31459877.0,61949.0,391,422.5549872122762,430.0,276,198,276,5,1,1.5835488038175132,2.038013225159874
Jimmy Grey,2019-04-01,14190198.0,31734.0,266,443.1616541353383,465.0,214,159,214,4,1,1.6035934328460364,2.179066409984756
Mary Gerrard,2017-01-01,11075369.0,25413.0,327,416.49235474006116,420.0,249,178,249,11,1,1.6104891616226842,2.072414801961945
Mary Gerrard,2017-02-01,21357956.0,49185.0,347,405.4351585014409,435.0,247,185,246,13,1,1.6010491798168782,2.064932640269353
Mary Gerrard,2017-03-01,19694184.0,42820.0,405,410.2543209876543,435.0,283,192,283,13,1,1.6516898175883001,2.1200491453834203
Mary Gerrard,2017-04-01,14347599.0,32314.0,311,414.90353697749197,445.0,240,173,240,12,1,1.5824648659963514,2.023126756472697
Mary Gerrard,2017-05-01,11241825.0,27005.0,395,413.0936708860759,420.0,295,194,294,13,1,1.5783062536605568,1.944873374454348
Mary Gerrard,2017-06-01,19870570.0,61897.0,377,420.46153846153845,445.0,273,187,273,13,1,1.5341083107826599,2.0827984119458187
Mary Gerrard,2017-07-01,27581872.0,54584.0,404,418.98762376237624,445.0,283,193,283,14,1,1.6995807924638262,2.1281216423434675
Mary Gerrard,2017-08-01,22404909.0,47299.0,379,428.14775725593665,450.0,279,193,279,13,1,1.6479102200402451,2.0689214005119374
Mary Gerrard,2017-09-01,27585928.0,63379.0,374,414.9652406417112,449.0,269,185,269,12,1,1.6512487776781022,1.9789079028657557
Mary Gerrard,2017-10-01,20029465.0,41888.0,353,434.6883852691218,470.0,266,185,264,12,1,1.6353822559633722,2.1086274949255377
Mary Gerrard,2017-11-01,31145558.0,64646.0,408,412.91421568627453,430.0,298,196,296,12,1,1.7482257688501526,1.868997780095776
Mary Gerrard,2017-12-01,10456912.0,27364.0,289,387.83391003460207,390.0,228,164,228,11,1,1.6340805189651182,1.9727318160271883
Mary Gerrard,2018-01-01,28245022.0,59417.0,572,408.77097902097904,445.0,381,212,381,17,1,1.5928622091269842,5.39254618960944
Mary Gerrard,2018-02-01,18577965.0,48343.0,599,410.8764607679466,435.0,396,221,395,16,1,1.5766017043172798,5.286681034727663
Mary Gerrard,2018-03-01,31140911.0,78381.0,672,415.33482142857144,438.0,421,223,420,20,1,1.6228386500250505,5.297970696749394
Mary Gerrard,2018-04-01,13768418.0,38470.0,504,416.24603174603175,427.0,361,205,361,16,1,1.6305372753548777,5.00896959947232
Mary Gerrard,2018-05-01,15097277.0,39282.0,543,412.35174953959483,420.0,367,217,366,17,1,1.5537451418266726,5.216928997913219
Mary Gerrard,2018-06-01,31744859.0,72078.0,578,401.7387543252595,409.0,403,222,403,21,1,1.5850714019689556,5.251334009941205
Mary Gerrard,2018-07-01,12363917.0,32175.0,663,418.09653092006033,452.0,425,231,425,17,1,1.5704902136357792,5.355443926672099
Mary Gerrard,2018-08-01,14336520.0,38927.0,585,406.12307692307695,416.0,379,216,378,16,1,1.506352226849847,5.297205208482884
Mary Gerrard,2018-09-01,27975318.0,81852.0,557,411.30700179533216,445.0,389,214,388,19,1,1.624068327366145,5.133678264602014
Mary Gerrard,2018-10-01,31715132.0,75120.0,726,414.3278236914601,436.5,442,231,442,16,1,1.6620808620017735,5.187986098353967
Mary Gerrard,2018-11-01,30548238.0,73613.0,634,414.32807570977917,445.0,404,227,403,15,1,1.5333128346847413,5.341350180001605
Mary Gerrard,2018-12-01,19714287.0,52339.0,485,411.4061855670103,438.0,336,201,335,18,1,1.5428907941380208,5.455289629771948
Mary Gerrard,2019-01-01,10075902.0,19549.0,286,447.041958041958,469.0,220,167,220,4,1,1.7077164534264806,2.0822842758935827
Mary Gerrard,2019-02-01,30162367.0,61894.0,342,428.780701754386,452.0,240,179,239,8,1,1.4670320649892927,2.0445436973819135
Mary Gerrard,2019-03-01,14006585.0,44155.0,398,400.43718592964825,414.0,279,199,279,5,1,1.4885126125959967,1.9982896241207382
Mary Gerrard,2019-04-01,9834221.0,32696.0,280,398.3,402.0,221,176,221,5,1,1.6429632879303622,2.119537293107002
Morris Garcia,2017-01-01,8495501.0,23058.0,321,416.62305295950154,445.0,248,179,248,10,1,1.7022799000396653,1.9674560812377735
Morris Garcia,2017-02-01,16035688.0,45094.0,325,417.9723076923077,445.0,233,176,232,11,1,1.6819382322671153,2.038764615565155
Morris Garcia,2017-03-01,12991577.0,33407.0,395,412.3620253164557,430.0,284,191,284,12,1,1.5983727413924038,2.119512496841533
Morris Garcia,2017-04-01,15920092.0,37339.0,289,407.75432525951555,430.0,226,168,226,13,1,1.6134428542327461,1.8888395795288144
Morris Garcia,2017-05-01,25655127.0,67807.0,399,398.18546365914784,409.0,288,192,288,14,1,1.5754981641564239,2.050076489431612
Morris Garcia,2017-06-01,25089351.0,54343.0,378,391.0925925925926,403.0,267,191,266,13,1,1.6643140625307047,1.9472438139123094
Morris Garcia,2017-07-01,18532076.0,41966.0,402,411.39800995024876,427.0,295,198,293,14,1,1.5519043738035065,1.9800613233935964
Morris Garcia,2017-08-01,19554371.0,48393.0,394,412.1040609137056,435.0,296,191,296,12,1,1.6138000540334057,1.9797590666012106
Morris Garcia,2017-09-01,19087057.0,44479.0,367,420.00544959128064,435.0,264,186,264,12,1,1.6358884921088666,1.999997464861186
Morris Garcia,2017-10-01,19216687.0,42991.0,339,419.4218289085546,430.0,255,177,254,13,1,1.5538164454220298,2.124783812504659
Morris Garcia,2017-11-01,14584116.0,37206.0,404,431.4306930693069,458.0,284,199,284,11,1,1.5928331718834607,1.925023653587897
Morris Garcia,2017-12-01,27340740.0,71985.0,300,403.31,405.5,230,168,230,13,1,1.5822605103565184,2.1073915134691266
Morris Garcia,2018-01-01,13942063.0,36478.0,576,395.68402777777777,411.5,383,220,382,16,1,1.6039237054764703,5.341747909036059
Morris Garcia,2018-02-01,17589248.0,44286.0,620,410.01774193548385,432.5,402,227,401,17,1,1.6621741373851973,5.175506843199958
Morris Garcia,2018-03-01,16338374.0,38076.0,611,411.430441898527,430.0,391,221,391,19,1,1.681845665923894,5.380218965479119
Morris Garcia,2018-04-01,19115747.0,51655.0,534,425.45880149812734,458.0,384,218,384,17,1,1.6174355653027899,5.1602943032590884
Morris Garcia,2018-05-01,13561778.0,33761.0,569,408.18101933216167,435.0,401,216,400,17,1,1.6541342496925788,5.274142837136355
Morris Garcia,2018-06-01,20282336.0,48177.0,562,397.52491103202846,420.0,388,217,387,19,1,1.6188334101326107,5.246620298751101
Morris Garcia,2018-07-01,19775863.0,46770.0,620,409.09354838709675,435.0,416,225,415,17,1,1.5442804961829661,5.378570967587597
Morris Garcia,2018-08-01,39547407.0,85970.0,583,400.44253859348197,420.0,377,218,377,16,1,1.5886832246271856,5.235253069150454
Morris Garcia,2018-09-01,23288960.0,49925.0,560,418.0017857142857,452.0,385,221,385,19,1,1.6422833697611063,5.349112251618989
Morris Garcia,2018-10-01,27428471.0,68231.0,736,431.00815217391306,453.0,463,228,462,16,1,1.6092640487666883,5.153232426451807
Morris Garcia,2018-11-01,18870320.0,49708.0,625,414.9232,445.0,422,226,422,15,1,1.6093448091656128,5.3242922981359335
Morris Garcia,2018-12-01,25189721.0,57525.0,531,402.64595103578154,408.0,355,206,355,17,1,1.5838328990013182,5.344240167942594
Morris Garcia,2019-01-01,10450053.0,23740.0,301,438.09634551495014,474.0,228,171,228,4,1,1.680354784868596,1.9239463089850364
Morris Garcia,2019-02-01,22411988.0,45640.0,335,446.97910447761194,470.0,251,183,251,7,1,1.5906029734518916,1.9738966960970847
Morris Garcia,2019-03-01,35641515.0,95480.0,364,427.46153846153845,446.5,269,195,269,4,1,1.5658991838356646,2.1171619640806107
Morris Garcia,2019-04-01,7867084.0,24758.0,254,424.0590551181102,450.0,211,154,211,4,1,1.720326760417356,1.9577499641713227
Sheila Stones,2017-01-01,9917714.0,31584.0,304,405.9046052631579,402.5,232,179,232,11,1,1.6583794103214573,2.0468328453683213
Sheila Stones,2017-02-01,12058225.0,35066.0,337,408.8813056379822,424.0,254,181,252,11,1,1.6007031162403267,2.178824603410206
Sheila Stones,2017-03-01,12138729.0,34937.0,367,396.0408719346049,414.0,266,186,266,12,1,1.5980278017049057,2.1047396884027774
Sheila Stones,2017-04-01,18917576.0,44090.0,301,402.7674418604651,414.0,242,173,242,12,1,1.6349646686245918,2.1460795287360677
Sheila Stones,2017-05-01,13806531.0,35111.0,405,393.99753086419753,404.0,281,197,281,13,1,1.6871831890140239,2.027656014785015
Sheila Stones,2017-06-01,32046512.0,84311.0,393,424.30534351145036,458.0,261,191,260,13,1,1.5545751155520937,2.0072811916367477
Sheila Stones,2017-07-01,17745687.0,42185.0,408,406.78186274509807,420.0,293,198,293,13,1,1.5516110662710714,2.068217286015467
Sheila Stones,2017-08-01,12783012.0,28667.0,368,416.1195652173913,425.5,266,189,266,11,1,1.6290033135625226,2.0326606521764687
Sheila Stones,2017-09-01,14841212.0,36490.0,322,412.27950310559004,427.0,253,177,252,12,1,1.6084626024489377,2.072463958007657
Sheila Stones,2017-10-01,24593353.0,57713.0,367,404.2452316076294,416.0,268,190,268,12,1,1.6825683499499353,2.015743204088173
Sheila Stones,2017-11-01,14153142.0,31728.0,390,403.14358974358976,415.0,280,192,280,11,1,1.614350044994265,1.986462592455602
Sheila Stones,2017-12-01,16507693.0,37161.0,307,411.0293159609121,420.0,243,173,242,12,1,1.6095465745211546,2.0696863913931844
Sheila Stones,2018-01-01,16899636.0,39428.0,567,412.8783068783069,448.0,375,214,375,17,1,1.5816367880182018,5.390124092842579
Sheila Stones,2018-02-01,24961551.0,53351.0,623,433.52969502407706,458.0,427,223,427,17,1,1.6228695760797163,5.3388538112006785
Sheila Stones,2018-03-01,26061372.0,61595.0,685,407.65839416058395,420.0,433,229,433,22,1,1.622702498600571,5.34661451834228
Sheila Stones,2018-04-01,28513083.0,80003.0,531,396.18455743879474,402.0,375,218,374,16,1,1.7032685779888905,5.195430158344046
Sheila Stones,2018-05-01,18726682.0,46189.0,595,411.8084033613445,445.0,412,223,412,15,1,1.6161622143414154,5.168704875945286
Sheila Stones,2018-06-01,24316826.0,64081.0,565,412.93451327433627,409.0,390,219,390,18,1,1.6696907928192806,5.238789700388218
Sheila Stones,2018-07-01,33172195.0,72728.0,658,411.612462006079,430.0,446,224,446,17,1,1.626530115188236,5.221768953620482
Sheila Stones,2018-08-01,24849758.0,72897.0,619,415.63004846526655,448.0,382,222,381,16,1,1.6055273416728766,5.376141626367648
Sheila Stones,2018-09-01,24904169.0,60828.0,599,408.86811352253756,424.0,394,222,394,16,1,1.6093931608381895,5.230080714599913
Sheila Stones,2018-10-01,27752577.0,69680.0,816,421.1531862745098,452.0,496,236,495,15,1,1.6445559063747575,5.2825830721003575
Sheila Stones,2018-11-01,22417671.0,55872.0,648,402.6388888888889,416.0,426,225,425,16,1,1.6270078047924423,5.2390571883477355
Sheila Stones,2018-12-01,10432683.0,30304.0,475,395.06105263157895,420.0,328,209,328,18,1,1.658126825745056,5.555706167004186
Sheila Stones,2019-01-01,9518621.0,23916.0,272,432.39338235294116,452.0,207,169,207,4,1,1.5255373665113967,2.177780013857161
Sheila Stones,2019-02-01,24937687.0,55386.0,367,437.09536784741147,458.0,265,192,265,8,1,1.6125304485556993,2.077490839945181
Sheila Stones,2019-03-01,21194241.0,54831.0,397,405.55919395466,416.0,275,192,275,5,1,1.6771359674719015,2.0473578081041137
Sheila Stones,2019-04-01,19396993.0,47526.0,297,399.92929292929296,420.0,220,163,219,4,1,1.6550096048300789,2.0349020760111856
Stella Given,2017-01-01,7655945.0,22472.0,306,385.5522875816994,411.0,241,168,241,12,1,1.6024721667406934,2.1561087724299144
Stella Given,2017-02-01,12921099.0,28280.0,356,388.5870786516854,401.0,271,185,270,12,1,1.6643783213398238,1.9727514720076318
Stella Given,2017-03-01,13873513.0,39332.0,380,408.87894736842105,418.0,279,196,278,12,1,1.6427128085206744,2.065156356183625
Stella Given,2017-04-01,10753534.0,29855.0,299,401.95317725752506,409.0,234,174,234,13,1,1.6179434525730492,2.0918847718205926
Stella Given,2017-05-01,16014898.0,38018.0,405,413.7283950617284,438.0,290,195,289,13,1,1.6099226200937489,2.1018073860450417
Stella Given,2017-06-01,15066779.0,41400.0,380,427.96315789473687,458.0,268,190,267,13,1,1.5994436286100138,1.9748631963718508
Stella Given,2017-07-01,16655708.0,37082.0,402,432.28109452736317,452.0,282,193,281,13,1,1.5469936654243546,2.010482168219477
Stella Given,2017-08-01,13331499.0,35755.0,377,402.2440318302387,408.0,264,182,263,13,1,1.514489131849232,2.0321073320726533
Stella Given,2017-09-01,13612473.0,36832.0,350,413.69142857142856,424.0,260,180,259,13,1,1.6576886157035766,1.9814810981730584
Stella Given,2017-10-01,15700445.0,40025.0,372,395.38709677419354,408.5,261,184,259,11,1,1.5257627600335362,2.239113284184468
Stella Given,2017-11-01,14801236.0,45344.0,420,404.68333333333334,416.0,288,196,287,13,1,1.5449285661447436,2.102924644138071
Stella Given,2017-12-01,14554709.0,35289.0,320,410.659375,452.0,250,175,250,12,1,1.608490995169674,2.0032610695787727
Stella Given,2018-01-01,15930255.0,35581.0,578,422.7664359861592,446.5,389,221,389,16,1,1.603220059182482,5.436540195833381
Stella Given,2018-02-01,19120142.6,48076.4,672,394.6458333333333,400.0,424,223,423,17,1,1.5868436770859853,5.266607100312515
Stella Given,2018-03-01,28163872.0,71219.0,670,415.78805970149256,436.5,422,229,421,21,1,1.5776118214404546,5.355985891378811
Stella Given,2018-04-01,16147331.0,38358.0,520,416.62307692307695,452.0,381,209,381,17,1,1.6163582007431612,5.122938910419222
Stella Given,2018-05-01,28313276.0,54201.0,578,410.4048442906574,420.0,398,216,398,16,1,1.6458927724642167,5.323224008187629
Stella Given,2018-06-01,16823881.0,43766.0,584,409.2071917808219,420.0,394,222,393,20,1,1.6100643188270702,5.158288421723038
Stella Given,2018-07-01,18825635.0,47987.0,623,408.59229534510433,421.0,419,217,418,17,1,1.620634903230679,5.40344850775362
Stella Given,2018-08-01,13591097.0,32013.0,612,398.72222222222223,408.5,395,217,395,15,1,1.5963975135767063,5.487289980648951
Stella Given,2018-09-01,10657309.0,32128.0,560,402.0982142857143,421.0,391,220,391,17,1,1.6818835249436357,5.072406910905174
Stella Given,2018-10-01,25489346.0,57901.0,740,410.4891891891892,445.0,470,229,469,15,1,1.616415331775383,5.228860905229481
Stella Given,2018-11-01,21574673.0,50701.0,629,403.3577106518283,420.0,430,222,430,16,1,1.5915216743460177,5.262897440897548
Stella Given,2018-12-01,19365388.0,44499.0,486,412.75308641975306,445.0,346,213,346,16,1,1.6664745770695533,5.372946904259406
Stella Given,2019-01-01,7132701.0,17932.0,288,402.5173611111111,422.0,233,179,233,3,1,1.571932305853232,2.0122909263224824
Stella Given,2019-02-01,14014656.0,30227.0,347,443.6023054755043,472.0,262,182,262,8,1,1.5990284332570968,1.994972974819467
Stella Given,2019-03-01,23673616.0,55746.0,414,407.17149758454104,411.5,292,206,292,5,1,1.6028863396767583,2.1237620547029037
Stella Given,2019-04-01,19322518.0,42188.0,300,377.2266666666667,393.0,228,171,228,4,1,1.6066073085028174,2.0657625277450906
Steve Pepple,2017-01-01,5332991.0,15154.0,296,389.3445945945946,405.0,238,175,238,13,1,1.6244296041664097,2.0655642686942173
Steve Pepple,2017-02-01,15708287.0,39965.0,347,411.94236311239194,424.0,262,176,262,12,1,1.6252528305953198,2.1658170283193567
Steve Pepple,2017-03-01,22722490.0,52791.0,403,424.4441687344913,452.0,283,188,281,12,1,1.617611662179394,2.0384752749523303
Steve Pepple,2017-04-01,15404074.0,34558.0,300,408.1066666666667,432.5,232,166,231,12,1,1.5655856114718578,2.072177226363474
Steve Pepple,2017-05-01,16482146.0,41743.0,405,423.14074074074074,445.0,291,196,291,13,1,1.595465819383725,2.1405990215699706
Steve Pepple,2017-06-01,20652627.0,53203.0,381,404.96587926509187,416.0,288,193,287,13,1,1.6073563120167473,1.9566623350693568
Steve Pepple,2017-07-01,15533605.0,37053.0,429,416.74825174825173,435.0,303,200,302,13,1,1.6835334344561783,2.0494484465042695
Steve Pepple,2017-08-01,17040064.0,40124.0,404,415.519801980198,446.5,298,196,298,12,1,1.6397567158006225,2.02930596213839
Steve Pepple,2017-09-01,17881149.0,43154.0,375,385.75466666666665,398.0,264,189,263,12,1,1.55984947913086,2.0128201150848697
Steve Pepple,2017-10-01,13969908.0,34231.0,389,415.48329048843186,453.0,269,199,269,12,1,1.608553528425438,2.1127082465533333
Steve Pepple,2017-11-01,18788488.0,42215.0,420,425.5285714285714,446.5,311,197,311,12,1,1.6326866050282305,1.9930913920824338
Steve Pepple,2017-12-01,8959982.0,23761.0,290,398.6620689655172,418.0,225,172,225,12,1,1.5384109324957003,2.0301999982923706
Steve Pepple,2018-01-01,17460099.0,42237.0,538,418.69516728624535,448.0,352,221,352,17,1,1.5776814291596235,5.373168005843443
Steve Pepple,2018-02-01,15660405.0,41139.0,600,400.52166666666665,420.0,405,226,405,16,1,1.6237580980623085,5.464548131014454
Steve Pepple,2018-03-01,35772107.0,69403.0,603,416.0066334991708,438.0,388,217,388,20,1,1.5032118577685705,5.255131406450358
Steve Pepple,2018-04-01,11405398.0,37089.0,550,409.73818181818183,448.0,388,214,388,17,1,1.592984923035279,5.081841508721558
Steve Pepple,2018-05-01,22711256.0,52389.0,604,419.6887417218543,438.0,416,218,416,16,1,1.6136935128619416,5.084333485696351
Steve Pepple,2018-06-01,17633391.0,57357.0,593,396.9156829679595,401.0,394,217,393,20,1,1.6499908411251931,5.2146851624161865
Steve Pepple,2018-07-01,28561574.0,75454.0,624,407.97115384615387,438.0,410,227,410,17,1,1.6706098181148117,5.345611228826056
Steve Pepple,2018-08-01,23738856.0,59174.0,580,403.40344827586205,420.0,368,221,367,16,1,1.5859199196029987,5.334625129465929
Steve Pepple,2018-09-01,27860734.0,63674.0,528,410.87310606060606,424.0,363,214,363,18,1,1.6328268991245178,5.457602933783977
Steve Pepple,2018-10-01,32836407.0,73473.0,803,413.08966376089666,445.0,470,229,469,16,1,1.5763491826549416,5.1210837761050705
Steve Pepple,2018-11-01,16965406.0,46867.0,641,386.7628705148206,391.0,409,224,409,16,1,1.6317454254979316,5.215189087039162
Steve Pepple,2018-12-01,15590550.0,37605.0,526,419.5361216730038,436.5,353,216,353,16,1,1.6039434309974132,5.471542649818254
Steve Pepple,2019-01-01,7104577.0,16050.0,282,433.5744680851064,449.0,206,157,205,4,1,1.652802038165994,1.988052050805758
Steve Pepple,2019-02-01,15954608.0,34610.0,318,404.83962264150944,402.0,248,181,248,8,1,1.5379992286461754,2.1395753783552265
Steve Pepple,2019-03-01,18804128.0,50522.0,396,395.95454545454544,408.0,268,184,268,5,1,1.7028692529800569,2.0082320357615933
Steve Pepple,2019-04-01,11583389.0,29254.0,283,415.6077738515901,420.0,228,169,228,4,1,1.516329907871569,1.925046503229473
Thompson Crawford,2017-01-01,12885374.0,30196.0,329,425.3343465045593,435.0,256,182,255,14,1,1.613205912553204,2.0298065532069045
Thompson Crawford,2017-02-01,17479000.0,42947.0,376,406.5824468085106,424.0,273,184,273,12,1,1.5575984934413545,2.0181957751160238
Thompson Crawford,2017-03-01,21195355.0,42915.0,344,409.8168604651163,424.0,264,176,263,11,1,1.5686024307313555,2.1033892970518115
Thompson Crawford,2017-04-01,18782645.0,44878.0,312,417.5416666666667,445.0,238,170,238,13,1,1.6545244439750666,1.986061023547638
Thompson Crawford,2017-05-01,13002004.0,32979.0,435,417.93793103448274,448.0,290,204,290,13,1,1.59080588942592,2.0801095855458827
Thompson Crawford,2017-06-01,17312222.0,45431.0,364,398.1868131868132,411.5,266,184,265,13,1,1.5917163940600005,2.011167853463609
Thompson Crawford,2017-07-01,25874035.0,56397.0,441,412.2766439909297,424.0,304,196,302,13,1,1.6294409119943232,2.1149364802448125
Thompson Crawford,2017-08-01,16788508.0,40781.0,354,404.0875706214689,422.5,258,182,258,13,1,1.688233641560985,1.9444720300840532
Thompson Crawford,2017-09-01,19720780.0,41906.0,371,429.5040431266846,452.0,267,185,267,13,1,1.5768167477282256,2.003305199299841
Thompson Crawford,2017-10-01,20087928.0,45546.0,343,406.79008746355686,420.0,264,178,264,11,1,1.544696444098159,2.1831389110999435
Thompson Crawford,2017-11-01,16350984.0,37740.0,410,415.8048780487805,430.0,291,199,291,12,1,1.5884966986035527,1.9615489652555342
Thompson Crawford,2017-12-01,12022605.0,33004.0,293,437.97610921501706,472.0,228,165,228,13,1,1.5747706366611427,2.0186334384066074
Thompson Crawford,2018-01-01,23585075.0,48187.0,570,423.6666666666667,448.0,386,221,386,17,1,1.6387606843865068,5.341878486948753
Thompson Crawford,2018-02-01,19113226.0,46962.0,616,410.79383116883116,414.0,394,222,394,16,1,1.6113269889004218,5.343345674811579
Thompson Crawford,2018-03-01,35684027.0,83182.0,690,410.60289855072466,420.5,435,229,434,20,1,1.6051768305607341,5.30565155582536
Thompson Crawford,2018-04-01,23166791.0,49413.0,519,412.6300578034682,421.0,358,217,358,17,1,1.6294722160982098,5.114086421489624
Thompson Crawford,2018-05-01,11916946.0,31283.0,564,404.4113475177305,434.0,390,214,389,17,1,1.634232552145773,5.2912274691942445
Thompson Crawford,2018-06-01,27955955.0,66310.0,560,416.275,422.5,387,217,385,19,1,1.6505755974761547,5.082018774306193
Thompson Crawford,2018-07-01,17281334.0,45476.0,634,418.2839116719243,445.0,408,229,407,17,1,1.7113200333301422,5.196408348328041
Thompson Crawford,2018-08-01,19280823.0,45031.0,621,406.3623188405797,421.0,393,220,392,16,1,1.5765759793588885,5.582133140614064
Thompson Crawford,2018-09-01,26020685.0,64668.0,592,420.8885135135135,453.0,394,217,394,15,1,1.6277920957826173,5.389455085511349
Thompson Crawford,2018-10-01,25555843.0,58145.0,801,425.32958801498125,448.0,477,232,476,16,1,1.6539100920389993,5.303912375051664
Thompson Crawford,2018-11-01,26969094.0,77751.0,663,400.4238310708899,421.0,430,224,430,17,1,1.6115621965718578,5.37610326062466
Thompson Crawford,2018-12-01,12620438.0,29377.0,552,405.9528985507246,424.0,372,220,371,17,1,1.6606024935972674,5.400505843510945
Thompson Crawford,2019-01-01,8156452.0,21123.0,284,407.8380281690141,425.5,222,165,222,3,1,1.5753318482188579,2.1665508521339105
Thompson Crawford,2019-02-01,16173419.0,42302.0,306,408.2516339869281,446.5,248,170,248,8,1,1.530062271943241,2.122712635759835
Thompson Crawford,2019-03-01,16475503.0,43404.0,406,406.3374384236453,420.5,272,198,272,5,1,1.5795784219301772,2.081803417251854
Thompson Crawford,2019-04-01,12369224.0,25963.0,276,418.84057971014494,420.0,222,169,222,4,1,1.6463124592690999,1.9799461510116367
