team,country,product_class,forecast_date,forecast_workload,planning_eligible,last_observed_month,coverage_note,current_active_reps,allocated_current_fte,capacity_per_rep,required_fte,fte_gap,additional_fte_need,current_capacity,utilization,required_fte_low,required_fte_high,forecast_uncertainty,confidence_note,raw_required_fte,cleaned_required_fte,cleaning_difference,cleaning_explanation,forecast_method,forecast_total_sales,forecast_distinct_customers,forecast_transaction_count,forecast_distinct_products,forecast_distinct_cities,forecast_distributor_count,demand_growth,customer_growth,hiring_priority,recommendation
Delta,Germany,Antibiotics,2019-05-01,3.379724481909679,True,2019-04-01,Observed latest-month rep allocation,4.0,0.5562902175080796,7.481691189885916,0.45173268932544836,-0.10455752818263125,0.0,4.161991619349919,0.8120449993692139,0.24165312142714443,0.5997344957909456,0.23892502839006097,Scenario interval from validation absolute error and historical capacity quantiles; not a statistical confidence interval,0.45173268932544836,0.4906383729230023,0.03890568359755389,Workload winsorized to unit-specific TRAIN 5th/95th percentiles; capacity held fixed,exponential_smoothing,8425752.693541208,156.08668347082693,196.0,34.99701122344577,156.08477067829457,5.0,0.08501597720359189,-0.022421606654528636,9.946055352341093,No modeled capacity pressure
Alfa,Germany,Antimalarial,2019-05-01,2.614352210612992,True,2019-04-01,Observed latest-month rep allocation,3.0,0.40003478099061673,7.481691189885916,0.3494333225283596,-0.05060145846225711,0.0,2.9929366965854394,0.8735073526933049,0.18288237860875722,0.4700870592116932,0.25539817906045753,Scenario interval from validation absolute error and historical capacity quantiles; not a statistical confidence interval,0.3494333225283596,0.3634369361067122,0.014003613578352555,Workload winsorized to unit-specific TRAIN 5th/95th percentiles; capacity held fixed,exponential_smoothing,6952414.705647049,127.87895143617797,156.0,34.32885249110956,127.5293427635034,5.333333333333333,-0.17583995348763581,-0.03850412454001528,6.091087020391399,No modeled capacity pressure
Delta,Germany,Antimalarial,2019-05-01,3.4320579118001744,True,2019-04-01,Observed latest-month rep allocation,4.0,0.5459201883369131,7.481691189885916,0.45872755566813334,-0.0871926326687798,0.0,4.084406263461143,0.8402831869354332,0.2543803799722403,0.5953222147894697,0.21105753479881928,Scenario interval from validation absolute error and historical capacity quantiles; not a statistical confidence interval,0.45872755566813334,0.4835614666183849,0.02483391095025154,Workload winsorized to unit-specific TRAIN 5th/95th percentiles; capacity held fixed,exponential_smoothing,7139581.589237391,158.97530444445528,192.0,34.622962948106874,158.88004806122626,5.333333333333333,-0.2745871858540623,-0.051837150430684154,4.9830461637508,No modeled capacity pressure
Charlie,Germany,Analgesics,2019-05-01,3.1414852680296788,True,2019-04-01,Observed latest-month rep allocation,3.0,0.5080994246449495,7.481691189885916,0.41988972657364937,-0.08820969807130014,0.0,3.8014429889522217,0.8263928400766456,0.22709886294226536,0.5536777636498421,0.23052190549619325,Scenario interval from validation absolute error and historical capacity quantiles; not a statistical confidence interval,0.41988972657364937,0.4390917046637129,0.01920197809006352,Workload winsorized to unit-specific TRAIN 5th/95th percentiles; capacity held fixed,exponential_smoothing,15977159.357072355,150.9976164695458,159.0,41.333658853845854,150.7871279454664,5.666666666666667,-0.012059468038624344,-0.052316214626281665,4.466578518478487,No modeled capacity pressure
Bravo,Germany,Antipiretics,2019-05-01,2.612689489164614,True,2019-04-01,Observed latest-month rep allocation,3.0,0.4295302459020991,7.481691189885916,0.3492110838117142,-0.08031916209038492,0.0,3.213612656555266,0.8130069701571336,0.18661657338435936,0.4639176942915812,0.2397109403516567,Scenario interval from validation absolute error and historical capacity quantiles; not a statistical confidence interval,0.3492110838117142,0.3600327290852595,0.01082164527354537,Workload winsorized to unit-specific TRAIN 5th/95th percentiles; capacity held fixed,exponential_smoothing,8257165.076365035,126.56885929142757,160.0,34.16964546770812,126.35885929142759,4.0,-0.07114894942694039,-0.04596337217516899,3.983801939492593,No modeled capacity pressure
Charlie,Germany,Antipiretics,2019-05-01,2.535510144139673,True,2019-04-01,Observed latest-month rep allocation,3.0,0.42021195675521467,7.481691189885916,0.3388953218982479,-0.08131663485696677,0.0,3.1438960947402115,0.8064866228822327,0.1745607652085066,0.46018895851668024,0.26717949442992495,Scenario interval from validation absolute error and historical capacity quantiles; not a statistical confidence interval,0.3388953218982479,0.3563963701494742,0.01750104825122625,Workload winsorized to unit-specific TRAIN 5th/95th percentiles; capacity held fixed,exponential_smoothing,5809558.516436247,123.0749278820303,164.0,34.71900090385056,123.07359232195186,4.333333333333333,-0.1178026651820494,-0.015400576943757627,3.726519838722244,No modeled capacity pressure
Delta,Germany,Analgesics,2019-05-01,4.177992853650434,True,2019-04-01,Observed latest-month rep allocation,4.0,0.6933371261207009,7.481691189885916,0.5584289364012285,-0.13490818971947238,0.0,5.187334268118068,0.8054219446255548,0.2905696519883529,0.7538288153379495,0.25971510333168357,Scenario interval from validation absolute error and historical capacity quantiles; not a statistical confidence interval,0.5584289364012285,0.5763088798347892,0.017879943433560752,Workload winsorized to unit-specific TRAIN 5th/95th percentiles; capacity held fixed,exponential_smoothing,11640908.363722598,189.24337102985925,261.0,41.99823376469144,188.64075501698628,6.0,-0.1366002447649215,-0.042613637285703554,3.696638505565936,No modeled capacity pressure
Bravo,Germany,Antibiotics,2019-05-01,2.4799907671780503,True,2019-04-01,Observed latest-month rep allocation,3.0,0.4158351832404258,7.481691189885916,0.3314746230812911,-0.08436056015913468,0.0,3.1111504268944894,0.7971298159483551,0.15279106368210413,0.4774744859479194,0.34421086229916975,Scenario interval from validation absolute error and historical capacity quantiles; not a statistical confidence interval,0.3314746230812911,0.34524971257437725,0.013775089493086158,Workload winsorized to unit-specific TRAIN 5th/95th percentiles; capacity held fixed,exponential_smoothing,9929114.094442308,122.28502226524331,152.0,33.24886007792771,122.24972756524329,5.333333333333333,-0.17902563494963708,-0.039646422000706893,3.328932432101977,No modeled capacity pressure
Delta,Germany,Mood Stabilizers,2019-05-01,4.349598258957839,True,2019-04-01,Observed latest-month rep allocation,4.0,0.7306023206161818,7.481691189885916,0.5813656496325081,-0.14923667098367366,0.0,5.466140945464293,0.7957347427286994,0.2558948405919033,0.8558511338999611,0.3737774360321379,Scenario interval from validation absolute error and historical capacity quantiles; not a statistical confidence interval,0.5813656496325081,0.598535641093211,0.017169991460702812,Workload winsorized to unit-specific TRAIN 5th/95th percentiles; capacity held fixed,exponential_smoothing,12415809.805850592,194.86546211441816,240.0,43.62200985732998,194.80203420933432,5.333333333333333,-0.16943753064537093,-0.02729386631738029,3.254582664735638,No modeled capacity pressure
Charlie,Germany,Mood Stabilizers,2019-05-01,3.197040876393861,True,2019-04-01,Observed latest-month rep allocation,3.0,0.5404359528901493,7.481691189885916,0.4273152680660976,-0.11312068482405174,0.0,4.0433749074358305,0.7906862335507034,0.21456807429328476,0.5886963137334446,0.2856134933840421,Scenario interval from validation absolute error and historical capacity quantiles; not a statistical confidence interval,0.4273152680660976,0.44300339452949905,0.015688126463401467,Workload winsorized to unit-specific TRAIN 5th/95th percentiles; capacity held fixed,exponential_smoothing,10012624.976401944,151.7013053644079,178.0,42.82570958255207,151.65289008580905,5.0,-0.1902638751400504,-0.0296291767735104,3.157909895967716,No modeled capacity pressure
Alfa,Germany,Antibiotics,2019-05-01,2.689109594596772,True,2019-04-01,Observed latest-month rep allocation,3.0,0.4576486468372959,7.481691189885916,0.35942536604986186,-0.09822328078743403,0.0,3.423985849105808,0.7853740386511957,0.17383190749367958,0.505300125608413,0.31192255490681076,Scenario interval from validation absolute error and historical capacity quantiles; not a statistical confidence interval,0.35942536604986186,0.3814100309940147,0.021984664944152854,Workload winsorized to unit-specific TRAIN 5th/95th percentiles; capacity held fixed,exponential_smoothing,6410937.782667643,132.3464701364689,158.0,33.65590599110353,132.31306455087025,5.0,-0.17763579742959068,-0.038645495376739225,2.951869371993649,No modeled capacity pressure
Delta,Germany,Antipiretics,2019-05-01,3.4551165593548765,True,2019-04-01,Observed latest-month rep allocation,4.0,0.5897157081986466,7.481691189885916,0.46180956573370163,-0.12790614246494497,0.0,4.412070818567148,0.7831054172600408,0.22117718876297462,0.6525483586020622,0.31861281843278105,Scenario interval from validation absolute error and historical capacity quantiles; not a statistical confidence interval,0.46180956573370163,0.4905875056141981,0.02877793988049649,Workload winsorized to unit-specific TRAIN 5th/95th percentiles; capacity held fixed,exponential_smoothing,12295585.555489292,159.57337265898536,211.0,34.99991436318957,159.49820842535865,6.333333333333333,-0.05394739401739346,-0.023020167393967172,2.8682176670616513,No modeled capacity pressure
Bravo,Germany,Antiseptics,2019-05-01,3.528157610227979,True,2019-04-01,Observed latest-month rep allocation,3.0,0.6053458592556062,7.481691189885916,0.4715722048241579,-0.13377365443144834,0.0,4.529010782026589,0.7790128529235341,0.2530949387377576,0.6248106054997369,0.23642480590738332,Scenario interval from validation absolute error and historical capacity quantiles; not a statistical confidence interval,0.4715722048241579,0.48712511755425886,0.015552912730100977,Workload winsorized to unit-specific TRAIN 5th/95th percentiles; capacity held fixed,exponential_smoothing,9331770.294470292,165.9364893152753,244.0,47.83170316998026,165.9220134364383,5.0,-0.08758182230877343,-0.018127282158134306,2.787851374476574,No modeled capacity pressure
Charlie,Germany,Antimalarial,2019-05-01,2.6688182159155422,True,2019-04-01,Observed latest-month rep allocation,3.0,0.4582501705680725,7.481691189885916,0.3567132280898428,-0.1015369424782297,0.0,3.4284862639028666,0.7784246488062212,0.1887133145720669,0.4767996407613768,0.24733819443070776,Scenario interval from validation absolute error and historical capacity quantiles; not a statistical confidence interval,0.3567132280898428,0.36123542518750407,0.004522197097661273,Workload winsorized to unit-specific TRAIN 5th/95th percentiles; capacity held fixed,exponential_smoothing,11374999.03401135,130.1372733959449,160.0,33.78930984164906,130.0108289116933,5.333333333333333,-0.3245279929472592,-0.04544787240138215,2.759073601783986,No modeled capacity pressure
Alfa,Germany,Analgesics,2019-05-01,3.0095915351806592,True,2019-04-01,Observed latest-month rep allocation,3.0,0.5170295611454692,7.481691189885916,0.40226086038530423,-0.11476870076016493,0.0,3.8682555125326386,0.7780229422358422,0.17774433109332927,0.5911403238296483,0.3713563540917624,Scenario interval from validation absolute error and historical capacity quantiles; not a statistical confidence interval,0.40226086038530423,0.41890968478751167,0.016648824402207472,Workload winsorized to unit-specific TRAIN 5th/95th percentiles; capacity held fixed,exponential_smoothing,9007764.364452753,143.68910200776668,193.0,41.55538035786012,143.63745099280615,5.0,-0.09831866622419183,-0.03993918480334058,2.6542261273045735,No modeled capacity pressure
Alfa,Germany,Antipiretics,2019-05-01,2.565687173006647,True,2019-04-01,Observed latest-month rep allocation,3.0,0.44221794970840533,7.481691189885916,0.34292877210369993,-0.0992891776047054,0.0,3.3085381383427896,0.7754745648154359,0.17693137818875637,0.46521926531551233,0.2659637869812607,Scenario interval from validation absolute error and historical capacity quantiles; not a statistical confidence interval,0.34292877210369993,0.3533593326920021,0.010430560588302207,Workload winsorized to unit-specific TRAIN 5th/95th percentiles; capacity held fixed,exponential_smoothing,8863772.655152127,124.0278822836282,173.0,34.41540858638588,124.01286953121598,5.666666666666667,-0.15997954338964848,-0.013040724533462611,2.64210710796251,No modeled capacity pressure
Charlie,Germany,Antiseptics,2019-05-01,3.5618096507402384,True,2019-04-01,Observed latest-month rep allocation,3.0,0.6238605964526283,7.481691189885916,0.47607012376496527,-0.147790472687663,0.0,4.667532328196602,0.7631033703233969,0.22626361919678725,0.675356922053705,0.3238230660709814,Scenario interval from validation absolute error and historical capacity quantiles; not a statistical confidence interval,0.47607012376496527,0.4863900662557614,0.010319942490796164,Workload winsorized to unit-specific TRAIN 5th/95th percentiles; capacity held fixed,exponential_smoothing,11521190.46301981,170.05913672075448,218.0,47.38996823584058,169.99387777383433,4.333333333333333,-0.1895345726844151,-0.026378988239955214,2.1748045728379957,No modeled capacity pressure
Bravo,Germany,Analgesics,2019-05-01,2.961901520340595,True,2019-04-01,Observed latest-month rep allocation,3.0,0.5236442104992445,7.481691189885916,0.3958866311328949,-0.12775757936634957,0.0,3.917744276326964,0.7560221677147065,0.19604496441860958,0.5495783791850049,0.2954668939850373,Scenario interval from validation absolute error and historical capacity quantiles; not a statistical confidence interval,0.3958866311328949,0.40876406752643074,0.012877436393535856,Workload winsorized to unit-specific TRAIN 5th/95th percentiles; capacity held fixed,exponential_smoothing,13869774.615859367,141.2261685878972,192.0,41.11417953985644,141.12278006381786,5.333333333333333,-0.06078832385442978,0.003977501809695916,2.152944569204718,No modeled capacity pressure
Alfa,Germany,Mood Stabilizers,2019-05-01,3.182826522285218,True,2019-04-01,Observed latest-month rep allocation,3.0,0.5610505221108548,7.481691189885916,0.42541538290004605,-0.13563513921080878,0.0,4.197606748357676,0.7582479048401823,0.256465262487731,0.5207490409397674,0.1423069131309953,Scenario interval from validation absolute error and historical capacity quantiles; not a statistical confidence interval,0.42541538290004605,0.44854787512602584,0.02313249222597981,Workload winsorized to unit-specific TRAIN 5th/95th percentiles; capacity held fixed,exponential_smoothing,7474876.033209206,151.32581982775585,217.0,42.93171871150388,151.07540068398794,5.0,-0.11101746126924794,-0.04224164665977315,2.1065863108741425,No modeled capacity pressure
Alfa,Germany,Antiseptics,2019-05-01,3.506608475629501,True,2019-04-01,Observed latest-month rep allocation,3.0,0.6220185392073581,7.481691189885916,0.46869195568642164,-0.15332658352093642,0.0,4.653750624733398,0.7535015857946591,0.2746653721447461,0.585751897011407,0.16625554136265852,Scenario interval from validation absolute error and historical capacity quantiles; not a statistical confidence interval,0.46869195568642164,0.48839774158572613,0.01970578589930451,Workload winsorized to unit-specific TRAIN 5th/95th percentiles; capacity held fixed,exponential_smoothing,7763371.007706759,164.13627798205565,201.0,48.19103285634717,163.88702214945693,6.0,-0.03128799709178698,-0.0132087496068799,1.9419916161231547,No modeled capacity pressure
Bravo,Germany,Mood Stabilizers,2019-05-01,3.1011543381095756,True,2019-04-01,Observed latest-month rep allocation,3.0,0.5518369313664222,7.481691189885916,0.4144991098138151,-0.1373378215526071,0.0,4.12867350765784,0.7511260777481126,0.21970039244640022,0.5534041290788165,0.24590896017508662,Scenario interval from validation absolute error and historical capacity quantiles; not a statistical confidence interval,0.4144991098138151,0.4306961427973941,0.016197032983578954,Workload winsorized to unit-specific TRAIN 5th/95th percentiles; capacity held fixed,exponential_smoothing,8700719.803352477,148.63068810498714,200.0,42.38653887412023,148.47504499556146,5.0,-0.04488051986191677,-0.022166525625084588,1.7993620347710761,No modeled capacity pressure
Charlie,Germany,Antibiotics,2019-05-01,2.521952734781384,True,2019-04-01,Observed latest-month rep allocation,3.0,0.4491418986889857,7.481691189885916,0.33708324371776693,-0.11205865497121875,0.0,3.360340986430017,0.7505050067733376,0.1622025913784078,0.4751462878127049,0.3153995601259193,Scenario interval from validation absolute error and historical capacity quantiles; not a statistical confidence interval,0.33708324371776693,0.3577325090481216,0.02064926533035467,Workload winsorized to unit-specific TRAIN 5th/95th percentiles; capacity held fixed,exponential_smoothing,7421592.873785836,122.86906755770396,145.0,34.43497706713137,122.48335185770395,5.333333333333333,-0.21204525565280397,-0.042578694355553615,1.7446009703707828,No modeled capacity pressure
Bravo,Germany,Antimalarial,2019-05-01,2.609356146143603,True,2019-04-01,Observed latest-month rep allocation,3.0,0.4738075697362022,7.481691189885916,0.3487655504508188,-0.1250420192853834,0.0,3.544881920196601,0.7360911321973983,0.15722609329277273,0.5077708436177445,0.35863154965132166,Scenario interval from validation absolute error and historical capacity quantiles; not a statistical confidence interval,0.3487655504508188,0.3546796178236243,0.005914067372805488,Workload winsorized to unit-specific TRAIN 5th/95th percentiles; capacity held fixed,exponential_smoothing,4722229.2132825395,126.97181155942312,172.0,34.22371927539632,126.97119716647472,5.333333333333333,-0.11533227603118212,-0.028276952351353635,1.232072907384091,No modeled capacity pressure
Delta,Germany,Antiseptics,2019-05-01,4.689475505342667,True,2019-04-01,Observed latest-month rep allocation,4.0,0.8841344392194779,7.481691189885916,0.6267935131674652,-0.25734092605201264,0.0,6.614820844583093,0.7089346205321494,0.3030381511616417,0.8813385290485578,0.3121569326139532,Scenario interval from validation absolute error and historical capacity quantiles; not a statistical confidence interval,0.6267935131674652,0.6449142264139536,0.018120713246488333,Workload winsorized to unit-specific TRAIN 5th/95th percentiles; capacity held fixed,exponential_smoothing,14483159.881033722,213.77083705264985,275.0,48.775378268160566,213.37415393951525,5.333333333333333,-0.11513625235897085,-0.02238946469824754,0.30890135989886575,No modeled capacity pressure
Alfa,Poland,Analgesics,2019-05-01,,False,2018-12-01,Stale source coverage: missing months are NOT zero demand or zero staffing,,,,,,,,,,,,,,,,,,,,,,,,,,,Insufficient recent source coverage — validate data
Alfa,Poland,Antibiotics,2019-05-01,,False,2018-12-01,Stale source coverage: missing months are NOT zero demand or zero staffing,,,,,,,,,,,,,,,,,,,,,,,,,,,Insufficient recent source coverage — validate data
Alfa,Poland,Antimalarial,2019-05-01,,False,2018-12-01,Stale source coverage: missing months are NOT zero demand or zero staffing,,,,,,,,,,,,,,,,,,,,,,,,,,,Insufficient recent source coverage — validate data
Alfa,Poland,Antipiretics,2019-05-01,,False,2018-12-01,Stale source coverage: missing months are NOT zero demand or zero staffing,,,,,,,,,,,,,,,,,,,,,,,,,,,Insufficient recent source coverage — validate data
Alfa,Poland,Antiseptics,2019-05-01,,False,2018-12-01,Stale source coverage: missing months are NOT zero demand or zero staffing,,,,,,,,,,,,,,,,,,,,,,,,,,,Insufficient recent source coverage — validate data
Alfa,Poland,Mood Stabilizers,2019-05-01,,False,2018-12-01,Stale source coverage: missing months are NOT zero demand or zero staffing,,,,,,,,,,,,,,,,,,,,,,,,,,,Insufficient recent source coverage — validate data
Bravo,Poland,Analgesics,2019-05-01,,False,2018-12-01,Stale source coverage: missing months are NOT zero demand or zero staffing,,,,,,,,,,,,,,,,,,,,,,,,,,,Insufficient recent source coverage — validate data
Bravo,Poland,Antibiotics,2019-05-01,,False,2018-12-01,Stale source coverage: missing months are NOT zero demand or zero staffing,,,,,,,,,,,,,,,,,,,,,,,,,,,Insufficient recent source coverage — validate data
Bravo,Poland,Antimalarial,2019-05-01,,False,2018-12-01,Stale source coverage: missing months are NOT zero demand or zero staffing,,,,,,,,,,,,,,,,,,,,,,,,,,,Insufficient recent source coverage — validate data
Bravo,Poland,Antipiretics,2019-05-01,,False,2018-12-01,Stale source coverage: missing months are NOT zero demand or zero staffing,,,,,,,,,,,,,,,,,,,,,,,,,,,Insufficient recent source coverage — validate data
Bravo,Poland,Antiseptics,2019-05-01,,False,2018-12-01,Stale source coverage: missing months are NOT zero demand or zero staffing,,,,,,,,,,,,,,,,,,,,,,,,,,,Insufficient recent source coverage — validate data
Bravo,Poland,Mood Stabilizers,2019-05-01,,False,2018-12-01,Stale source coverage: missing months are NOT zero demand or zero staffing,,,,,,,,,,,,,,,,,,,,,,,,,,,Insufficient recent source coverage — validate data
Charlie,Poland,Analgesics,2019-05-01,,False,2018-12-01,Stale source coverage: missing months are NOT zero demand or zero staffing,,,,,,,,,,,,,,,,,,,,,,,,,,,Insufficient recent source coverage — validate data
Charlie,Poland,Antibiotics,2019-05-01,,False,2018-12-01,Stale source coverage: missing months are NOT zero demand or zero staffing,,,,,,,,,,,,,,,,,,,,,,,,,,,Insufficient recent source coverage — validate data
Charlie,Poland,Antimalarial,2019-05-01,,False,2018-12-01,Stale source coverage: missing months are NOT zero demand or zero staffing,,,,,,,,,,,,,,,,,,,,,,,,,,,Insufficient recent source coverage — validate data
Charlie,Poland,Antipiretics,2019-05-01,,False,2018-12-01,Stale source coverage: missing months are NOT zero demand or zero staffing,,,,,,,,,,,,,,,,,,,,,,,,,,,Insufficient recent source coverage — validate data
Charlie,Poland,Antiseptics,2019-05-01,,False,2018-12-01,Stale source coverage: missing months are NOT zero demand or zero staffing,,,,,,,,,,,,,,,,,,,,,,,,,,,Insufficient recent source coverage — validate data
Charlie,Poland,Mood Stabilizers,2019-05-01,,False,2018-12-01,Stale source coverage: missing months are NOT zero demand or zero staffing,,,,,,,,,,,,,,,,,,,,,,,,,,,Insufficient recent source coverage — validate data
Delta,Poland,Analgesics,2019-05-01,,False,2018-12-01,Stale source coverage: missing months are NOT zero demand or zero staffing,,,,,,,,,,,,,,,,,,,,,,,,,,,Insufficient recent source coverage — validate data
Delta,Poland,Antibiotics,2019-05-01,,False,2018-12-01,Stale source coverage: missing months are NOT zero demand or zero staffing,,,,,,,,,,,,,,,,,,,,,,,,,,,Insufficient recent source coverage — validate data
Delta,Poland,Antimalarial,2019-05-01,,False,2018-12-01,Stale source coverage: missing months are NOT zero demand or zero staffing,,,,,,,,,,,,,,,,,,,,,,,,,,,Insufficient recent source coverage — validate data
Delta,Poland,Antipiretics,2019-05-01,,False,2018-12-01,Stale source coverage: missing months are NOT zero demand or zero staffing,,,,,,,,,,,,,,,,,,,,,,,,,,,Insufficient recent source coverage — validate data
Delta,Poland,Antiseptics,2019-05-01,,False,2018-12-01,Stale source coverage: missing months are NOT zero demand or zero staffing,,,,,,,,,,,,,,,,,,,,,,,,,,,Insufficient recent source coverage — validate data
Delta,Poland,Mood Stabilizers,2019-05-01,,False,2018-12-01,Stale source coverage: missing months are NOT zero demand or zero staffing,,,,,,,,,,,,,,,,,,,,,,,,,,,Insufficient recent source coverage — validate data
